"athlete_name","activity_name","period_name","total_duration","meterage_per_minute","hirmin","acceleration_density","date","start_time_h","end_time_h"
"Elijah Hollands","210609Wed","Craft",8.61983333333333,59.99638,1.93855256288791,0.31638645372107,"09/06/2021","11:30:48","11:39:25"
"Elijah Hollands","210609Wed","Get to the Face",2.61166666666667,113.46909,20.8296107211232,0.669133056796426,"09/06/2021","10:20:08","10:22:45"
"Elijah Hollands","210609Wed","Goal Kicking",5.18416666666667,55.56054,0,0.290667995499116,"09/06/2021","11:05:01","11:10:12"
"Elijah Hollands","210609Wed","Lines",13.1766666666667,96.96455,17.1082721983304,0.350233493549203,"09/06/2021","10:23:45","10:36:55"
"Elijah Hollands","210609Wed","Match Simulation",12.006,146.38224,60.270698817258,0.408432797490144,"09/06/2021","11:14:45","11:26:45"
"Elijah Hollands","210609Wed","Proactive Grids",6.07066666666667,154.48176,42.6328794201625,0.490215627059082,"09/06/2021","10:42:40","10:48:44"
"Elijah Hollands","210609Wed","Proactive Grids",5.64866666666667,156.28922,51.128881742004,0.465721497698572,"09/06/2021","10:57:07","11:02:46"
"Elijah Hollands","210609Wed","Tackle Technique",5.21766666666667,55.21704,0,0.370040886730978,"09/06/2021","10:50:33","10:55:46"
"Elijah Hollands","210609Wed","Warm Up",16.8053333333333,97.42431,14.4067359568391,0.347376398365598,"09/06/2021","10:01:02","10:17:51"
"Hugh Greenwood","210609Wed","Craft",8.61983333333333,52.41276,0.498849552388871,0.306736885863996,"09/06/2021","11:30:48","11:39:25"
"Hugh Greenwood","210609Wed","Craft",20.3733333333333,75.00352,8.82428010471204,0.408400736256544,"09/06/2021","10:42:40","11:03:02"
"Hugh Greenwood","210609Wed","Get to the Face",2.61166666666667,110.26637,28.0280791320996,0.703197255902999,"09/06/2021","10:20:08","10:22:45"
"Hugh Greenwood","210609Wed","Goal Kicking",5.18416666666667,103.32517,22.0941970744253,0.397217103359588,"09/06/2021","11:05:01","11:10:12"
"Hugh Greenwood","210609Wed","Lines",13.1766666666667,88.04195,16.9466228181128,0.340705780419934,"09/06/2021","10:23:45","10:36:55"
"Hugh Greenwood","210609Wed","Match Simulation",9.0265,121.76845,35.064533318562,0.497317287985376,"09/06/2021","11:14:45","11:26:45"
"Hugh Greenwood","210609Wed","Warm Up",16.8053333333333,92.13051,14.4906378927325,0.322169856791495,"09/06/2021","10:01:02","10:17:51"
"Ben King","210609Wed","Craft",8.61983333333333,58.93465,0,0.250080589338541,"09/06/2021","11:30:48","11:39:25"
"Ben King","210609Wed","Get to the Face",2.61166666666667,100.34479,21.189534141672,0.62204677728143,"09/06/2021","10:20:08","10:22:45"
"Ben King","210609Wed","Goal Kicking",5.18416666666667,51.87639,0,0.256416878315383,"09/06/2021","11:05:01","11:10:12"
"Ben King","210609Wed","Lines",13.1766666666667,73.48928,12.1646850493296,0.331993410068303,"09/06/2021","10:23:45","10:36:55"
"Ben King","210609Wed","Match Simulation",12.006,102.67561,25.3656496751624,0.409117968793381,"09/06/2021","11:14:45","11:26:45"
"Ben King","210609Wed","Proactive Grids",5.64866666666667,87.39848,9.2163342381683,0.333855895196507,"09/06/2021","10:57:07","11:02:46"
"Ben King","210609Wed","Proactive Grids",5.89116666666667,104.15748,18.7976348770759,0.527316321045633,"09/06/2021","10:49:53","10:55:46"
"Ben King","210609Wed","Tackle Technique",5.40216666666667,72.85401,0,0.295109307993706,"09/06/2021","10:43:11","10:48:35"
"Ben King","210609Wed","Warm Up",16.8053333333333,91.94522,14.2032291336084,0.290180468502063,"09/06/2021","10:01:02","10:17:51"
"Aiden Fyfe","210609Wed","Craft",8.61983333333333,43.62656,0,0.24678255573387,"09/06/2021","11:30:48","11:39:25"
"Aiden Fyfe","210609Wed","Get to the Face",2.61166666666667,93.90333,23.8966177409062,0.56499910657307,"09/06/2021","10:20:08","10:22:45"
"Aiden Fyfe","210609Wed","Goal Kicking",5.18416666666667,42.41304,0,0.296480405079569,"09/06/2021","11:05:01","11:10:12"
"Aiden Fyfe","210609Wed","Lines",13.1766666666667,93.34269,14.0597014925373,0.449255881608905,"09/06/2021","10:23:45","10:36:55"
"Aiden Fyfe","210609Wed","Match Simulation",12.006,93.45003,23.8838922205564,0.392730773502138,"09/06/2021","11:14:45","11:26:45"
"Aiden Fyfe","210609Wed","Proactive Grids",6.07066666666667,125.43066,33.4197232593894,0.533468372501647,"09/06/2021","10:42:40","10:48:44"
"Aiden Fyfe","210609Wed","Proactive Grids",5.64866666666667,136.48947,23.8923639797002,0.552294435264959,"09/06/2021","10:57:07","11:02:46"
"Aiden Fyfe","210609Wed","Tackle Technique",5.21766666666667,49.1934,0.47914137864946,0.433028780425477,"09/06/2021","10:50:33","10:55:46"
"Aiden Fyfe","210609Wed","Warm Up",16.8053333333333,95.03655,17.8127969295462,0.325520023405268,"09/06/2021","10:01:02","10:17:51"
"Chris Burgess","210609Wed","Craft",8.61983333333333,55.38746,2.18449699336801,0.338383224733657,"09/06/2021","11:30:48","11:39:25"
"Chris Burgess","210609Wed","Get to the Face",2.61166666666667,115.34152,50.8640714741544,0.623583790682834,"09/06/2021","10:20:08","10:22:45"
"Chris Burgess","210609Wed","Goal Kicking",5.18416666666667,81.22068,0,0.273293457643466,"09/06/2021","11:05:01","11:10:12"
"Chris Burgess","210609Wed","Lines",13.1766666666667,94.19447,14.270680495826,0.371404882367822,"09/06/2021","10:23:45","10:36:55"
"Chris Burgess","210609Wed","Match Simulation",12.006,132.48139,51.1194411127769,0.419398731189961,"09/06/2021","11:14:45","11:26:45"
"Chris Burgess","210609Wed","Proactive Grids",5.64866666666667,118.61886,38.3577245367638,0.441547326802785,"09/06/2021","10:57:07","11:02:46"
"Chris Burgess","210609Wed","Proactive Grids",5.89116666666667,106.71738,22.2061278184853,0.454880923416414,"09/06/2021","10:49:53","10:55:46"
"Chris Burgess","210609Wed","Tackle Technique",5.40216666666667,66.81858,2.47308178817141,0.470443464042205,"09/06/2021","10:43:11","10:48:35"
"Chris Burgess","210609Wed","Warm Up",16.8053333333333,94.10103,14.032450015868,0.291555280069819,"09/06/2021","10:01:02","10:17:51"
"Patrick Murtagh","210609Wed","Craft",8.61983333333333,49.81369,0,0.249722693787583,"09/06/2021","11:30:48","11:39:25"
"Patrick Murtagh","210609Wed","Get to the Face",2.61166666666667,100.0051,22.4071474154435,0.583421250797703,"09/06/2021","10:20:08","10:22:45"
"Patrick Murtagh","210609Wed","Goal Kicking",5.18416666666667,39.13143,0,0.202792991480469,"09/06/2021","11:05:01","11:10:12"
"Patrick Murtagh","210609Wed","Lines",13.1766666666667,87.06012,18.7353908423982,0.349164533265874,"09/06/2021","10:23:45","10:36:55"
"Patrick Murtagh","210609Wed","Match Simulation",12.006,138.89849,48.7881042811927,0.455995724360042,"09/06/2021","11:14:45","11:26:45"
"Patrick Murtagh","210609Wed","Proactive Grids",5.64866666666667,140.33632,49.657736338959,0.57561701876549,"09/06/2021","10:57:07","11:02:46"
"Patrick Murtagh","210609Wed","Proactive Grids",6.07066666666667,131.33812,39.2543361519877,0.579163079288381,"09/06/2021","10:42:40","10:48:44"
"Patrick Murtagh","210609Wed","Tackle Technique",5.21766666666667,50.92212,0.281735130645883,0.384272631444452,"09/06/2021","10:50:33","10:55:46"
"Patrick Murtagh","210609Wed","Warm Up",16.8053333333333,93.21948,13.8497699143129,0.321926570929864,"09/06/2021","10:01:02","10:17:51"
"Jack Hombsch","210609Wed","Craft",8.61983333333333,54.678,3.24020186005143,0.34550314197877,"09/06/2021","11:30:48","11:39:25"
"Jack Hombsch","210609Wed","Craft",20.3733333333333,90.04604,15.2262756871728,0.494849018324607,"09/06/2021","10:42:40","11:03:02"
"Jack Hombsch","210609Wed","Get to the Face",2.61166666666667,106.03347,32.936821952776,0.439779259731972,"09/06/2021","10:20:08","10:22:45"
"Jack Hombsch","210609Wed","Goal Kicking",5.18416666666667,40.053,0,0.260449831216846,"09/06/2021","11:05:01","11:10:12"
"Jack Hombsch","210609Wed","Lines",13.1766666666667,96.31957,16.4662281811283,0.435126094105742,"09/06/2021","10:23:45","10:36:55"
"Jack Hombsch","210609Wed","Match Simulation",8.41366666666667,119.66778,29.7777437502476,0.469216948615348,"09/06/2021","11:14:45","11:26:45"
"Jack Hombsch","210609Wed","Warm Up",16.8053333333333,90.635,18.6994208187877,0.279113783322755,"09/06/2021","10:01:02","10:17:51"
"Wil Powell","210609Wed","Craft",8.61983333333333,55.41597,0,0.403814458902918,"09/06/2021","11:30:48","11:39:25"
"Wil Powell","210609Wed","Get to the Face",2.61166666666667,113.91213,38.9751116783663,0.739016464582004,"09/06/2021","10:20:08","10:22:45"
"Wil Powell","210609Wed","Goal Kicking",5.18416666666667,59.73051,12.8487381449928,0.374986111557627,"09/06/2021","11:05:01","11:10:12"
"Wil Powell","210609Wed","Lines",13.1766666666667,105.24022,29.2691626612699,0.433417240070832,"09/06/2021","10:23:45","10:36:55"
"Wil Powell","210609Wed","Match Simulation",8.9015,137.73031,46.9381564904791,0.537474770169822,"09/06/2021","11:14:45","11:26:45"
"Wil Powell","210609Wed","Proactive Grids",5.64866666666667,133.9896,42.5410126283489,0.554893573704709,"09/06/2021","10:57:07","11:02:46"
"Wil Powell","210609Wed","Proactive Grids",5.89116666666667,145.39376,56.31991399553,0.498901094859535,"09/06/2021","10:49:53","10:55:46"
"Wil Powell","210609Wed","Tackle Technique",5.40216666666667,56.90482,0.951470089161756,0.438005676734643,"09/06/2021","10:43:11","10:48:35"
"Wil Powell","210609Wed","Warm Up",16.8053333333333,103.65789,26.5784677483339,0.329866540384005,"09/06/2021","10:01:02","10:17:51"
"Alex Sexton","210609Wed","Craft",8.61983333333333,69.71798,3.65088265434366,0.363527137028945,"09/06/2021","11:30:48","11:39:25"
"Alex Sexton","210609Wed","Get to the Face",2.61166666666667,106.94965,26.2437779195916,0.654455201021059,"09/06/2021","10:20:08","10:22:45"
"Alex Sexton","210609Wed","Goal Kicking",5.18416666666667,54.17153,0,0.263987140331136,"09/06/2021","11:05:01","11:10:12"
"Alex Sexton","210609Wed","Lines",13.1766666666667,102.05717,21.6982038957754,0.413943650392107,"09/06/2021","10:23:45","10:36:55"
"Alex Sexton","210609Wed","Match Simulation",12.006,137.55529,47.3288355822089,0.455206216336276,"09/06/2021","11:14:45","11:26:45"
"Alex Sexton","210609Wed","Proactive Grids",5.64866666666667,111.00551,22.1539006255163,0.446644547385814,"09/06/2021","10:57:07","11:02:46"
"Alex Sexton","210609Wed","Proactive Grids",5.89116666666667,133.51603,43.2919325543893,0.555686253430277,"09/06/2021","10:49:53","10:55:46"
"Alex Sexton","210609Wed","Tackle Technique",5.40216666666667,51.89585,1.06438774565761,0.398673464350723,"09/06/2021","10:43:11","10:48:35"
"Alex Sexton","210609Wed","Warm Up",16.8053333333333,98.59859,20.6261900983815,0.337144309346239,"09/06/2021","10:01:02","10:17:51"
"Josh Corbett","210609Wed","Craft",8.61983333333333,62.26787,0,0.279999535953905,"09/06/2021","11:30:48","11:39:25"
"Josh Corbett","210609Wed","Get to the Face",2.61166666666667,105.26015,23.0082961072112,0.759971410338226,"09/06/2021","10:20:08","10:22:45"
"Josh Corbett","210609Wed","Goal Kicking",5.18416666666667,73.8029,0,0.2511295611638,"09/06/2021","11:05:01","11:10:12"
"Josh Corbett","210609Wed","Lines",13.1766666666667,105.28646,22.6407791550721,0.42364367568935,"09/06/2021","10:23:45","10:36:55"
"Josh Corbett","210609Wed","Match Simulation",9.6345,142.12864,47.0475904302247,0.457798000242185,"09/06/2021","11:14:45","11:26:45"
"Josh Corbett","210609Wed","Proactive Grids",5.89116666666667,137.29913,39.4624720626927,0.528710130987071,"09/06/2021","10:49:53","10:55:46"
"Josh Corbett","210609Wed","Proactive Grids",5.64866666666667,58.34313,1.82697981824619,0.375874749203352,"09/06/2021","10:57:07","11:02:46"
"Josh Corbett","210609Wed","Tackle Technique",5.40216666666667,116.36921,36.6538117422022,0.473748218307469,"09/06/2021","10:43:11","10:48:35"
"Josh Corbett","210609Wed","Warm Up",16.8053333333333,87.91897,16.0383602427801,0.328725543478261,"09/06/2021","10:01:02","10:17:51"
"Lachie Weller","210609Wed","Craft",8.61983333333333,76.6452,11.2983623039889,0.325717647286297,"09/06/2021","11:30:48","11:39:25"
"Lachie Weller","210609Wed","Get to the Face",2.61166666666667,111.39749,35.739629865986,0.672719974473516,"09/06/2021","10:20:08","10:22:45"
"Lachie Weller","210609Wed","Goal Kicking",5.18416666666667,57.5097,0,0.205304870599582,"09/06/2021","11:05:01","11:10:12"
"Lachie Weller","210609Wed","Lines",13.1766666666667,91.96823,23.7009873513787,0.359281507715659,"09/06/2021","10:23:45","10:36:55"
"Lachie Weller","210609Wed","Match Simulation",10.4433333333333,146.29088,57.0593708905203,0.522315145228216,"09/06/2021","11:14:45","11:26:45"
"Lachie Weller","210609Wed","Proactive Grids",5.64866666666667,143.67416,52.1698335890476,0.59260480349345,"09/06/2021","10:57:07","11:02:46"
"Lachie Weller","210609Wed","Proactive Grids",5.89116666666667,142.75595,46.6732678869494,0.554234050980281,"09/06/2021","10:49:53","10:55:46"
"Lachie Weller","210609Wed","Tackle Technique",5.40216666666667,54.54904,0.957023416530404,0.453947891278191,"09/06/2021","10:43:11","10:48:35"
"Lachie Weller","210609Wed","Warm Up",16.8053333333333,92.09103,16.6935099968264,0.301600751745478,"09/06/2021","10:01:02","10:17:51"
"Luke Towey","210609Wed","Craft",8.61983333333333,57.09978,1.75409424002784,0.310720083528297,"09/06/2021","11:30:48","11:39:25"
"Luke Towey","210609Wed","Get to the Face",2.61166666666667,98.05558,32.17102744097,0.476633950223357,"09/06/2021","10:20:08","10:22:45"
"Luke Towey","210609Wed","Goal Kicking",5.18416666666667,55.11109,2.11220061083427,0.172962224722713,"09/06/2021","11:05:01","11:10:12"
"Luke Towey","210609Wed","Lines",13.1766666666667,107.87254,28.240070073362,0.464238970402226,"09/06/2021","10:23:45","10:36:55"
"Luke Towey","210609Wed","Match Simulation",9.65533333333333,140.94628,42.0503348753711,0.518965752951737,"09/06/2021","11:14:45","11:26:45"
"Luke Towey","210609Wed","Proactive Grids",5.64866666666667,138.53144,57.4046972736929,0.508061017349227,"09/06/2021","10:57:07","11:02:46"
"Luke Towey","210609Wed","Proactive Grids",6.07066666666667,132.60619,35.2663079288381,0.549869371842741,"09/06/2021","10:42:40","10:48:44"
"Luke Towey","210609Wed","Tackle Technique",5.21766666666667,46.16457,2.40337315530569,0.333291222129943,"09/06/2021","10:50:33","10:55:46"
"Luke Towey","210609Wed","Warm Up",16.8053333333333,97.84654,20.5464535068232,0.313655278086322,"09/06/2021","10:01:02","10:17:51"
"Jacob Townsend","210609Wed","Craft",8.61983333333333,58.72161,6.15557145343104,0.323945281231269,"09/06/2021","11:30:48","11:39:25"
"Jacob Townsend","210609Wed","Get to the Face",2.61166666666667,93.84052,15.1703892788768,0.72818321633695,"09/06/2021","10:20:08","10:22:45"
"Jacob Townsend","210609Wed","Goal Kicking",5.18416666666667,65.61247,0.162031827680437,0.289934737180518,"09/06/2021","11:05:01","11:10:12"
"Jacob Townsend","210609Wed","Lines",13.1766666666667,106.33293,27.4045029091829,0.407008335441437,"09/06/2021","10:23:45","10:36:55"
"Jacob Townsend","210609Wed","Match Simulation",12.006,126.59397,35.3956355155755,0.453697998223111,"09/06/2021","11:14:45","11:26:45"
"Jacob Townsend","210609Wed","Proactive Grids",5.64866666666667,130.81791,36.3377788268618,0.596847899209253,"09/06/2021","10:57:07","11:02:46"
"Jacob Townsend","210609Wed","Proactive Grids",6.07066666666667,127.95881,29.0528223149572,0.525865885130683,"09/06/2021","10:42:40","10:48:44"
"Jacob Townsend","210609Wed","Tackle Technique",5.21766666666667,42.59724,0,0.390252156136204,"09/06/2021","10:50:33","10:55:46"
"Jacob Townsend","210609Wed","Warm Up",16.8053333333333,90.86551,18.399515431609,0.317785841796255,"09/06/2021","10:01:02","10:17:51"
"Jack Lukosius","210609Wed","Craft",8.61983333333333,65.23906,1.40373943811752,0.28968516405963,"09/06/2021","11:30:48","11:39:25"
"Jack Lukosius","210609Wed","Get to the Face",2.61166666666667,82.69962,19.1257179323548,0.565331078493937,"09/06/2021","10:20:08","10:22:45"
"Jack Lukosius","210609Wed","Goal Kicking",5.18416666666667,95.4611,12.8448802443337,0.373818646519852,"09/06/2021","11:05:01","11:10:12"
"Jack Lukosius","210609Wed","Lines",13.1766666666667,90.07375,13.5808246901088,0.409689311915001,"09/06/2021","10:23:45","10:36:55"
"Jack Lukosius","210609Wed","Match Simulation",12.006,132.7687,44.7826086956522,0.459450830140485,"09/06/2021","11:14:45","11:26:45"
"Jack Lukosius","210609Wed","Proactive Grids",5.64866666666667,143.06116,57.4861341909595,0.528652041779771,"09/06/2021","10:57:07","11:02:46"
"Jack Lukosius","210609Wed","Proactive Grids",5.89116666666667,133.6648,45.1913899340821,0.585347610829773,"09/06/2021","10:49:53","10:55:46"
"Jack Lukosius","210609Wed","Tackle Technique",5.40216666666667,52.55258,0.951470089161756,0.394046863912628,"09/06/2021","10:43:11","10:48:35"
"Jack Lukosius","210609Wed","Warm Up",16.8053333333333,95.80111,13.7367105680736,0.290526311091717,"09/06/2021","10:01:02","10:17:51"
"Ben Ainsworth","210609Wed","Craft",8.61983333333333,38.97362,0.212301088574798,0.34956462808639,"09/06/2021","11:30:48","11:39:25"
"Ben Ainsworth","210609Wed","Get to the Face",2.61166666666667,93.48092,26.2782386726228,0.65702239948947,"09/06/2021","10:20:08","10:22:45"
"Ben Ainsworth","210609Wed","Goal Kicking",5.18416666666667,63.71383,0.570969297540588,0.231052628194824,"09/06/2021","11:05:01","11:10:12"
"Ben Ainsworth","210609Wed","Lines",13.1766666666667,106.1912,31.441184669871,0.408524260055654,"09/06/2021","10:23:45","10:36:55"
"Ben Ainsworth","210609Wed","Match Simulation",12.006,134.09638,53.9763459936698,0.457289160975068,"09/06/2021","11:14:45","11:26:45"
"Ben Ainsworth","210609Wed","Proactive Grids",6.07066666666667,154.76673,72.1551740610586,0.598583214364156,"09/06/2021","10:42:40","10:48:44"
"Ben Ainsworth","210609Wed","Proactive Grids",5.89116666666667,138.54406,53.4189588932583,0.534067869974821,"09/06/2021","10:49:53","10:55:46"
"Ben Ainsworth","210609Wed","Tackle Technique",5.21383333333333,43.0591,2.74845762874405,0.375668414154653,"09/06/2021","10:57:38","11:02:51"
"Ben Ainsworth","210609Wed","Warm Up",16.8053333333333,93.67517,16.6786337670581,0.305130216597905,"09/06/2021","10:01:02","10:17:51"
"Sam Flanders","210609Wed","Craft",8.61983333333333,57.87316,10.9584485392216,0.278763568514472,"09/06/2021","11:30:48","11:39:25"
"Sam Flanders","210609Wed","Get to the Face",2.61166666666667,106.13919,31.1410338225909,0.609404084237396,"09/06/2021","10:20:08","10:22:45"
"Sam Flanders","210609Wed","Goal Kicking",5.18416666666667,52.30983,0,0.237920784439801,"09/06/2021","11:05:01","11:10:12"
"Sam Flanders","210609Wed","Lines",13.1766666666667,113.38622,32.6182653680749,0.496313445484442,"09/06/2021","10:23:45","10:36:55"
"Sam Flanders","210609Wed","Match Simulation",12.006,121.71612,43.4732617024821,0.44848328613471,"09/06/2021","11:14:45","11:26:45"
"Sam Flanders","210609Wed","Proactive Grids",6.07066666666667,97.44795,30.8153964419064,0.453318855699539,"09/06/2021","10:42:40","10:48:44"
"Sam Flanders","210609Wed","Proactive Grids",5.89116666666667,159.47977,56.4506181571279,0.595374600390415,"09/06/2021","10:49:53","10:55:46"
"Sam Flanders","210609Wed","Tackle Technique",5.21383333333333,47.45359,0.554294664833935,0.421535786209763,"09/06/2021","10:57:38","11:02:51"
"Sam Flanders","210609Wed","Warm Up",16.8053333333333,90.26974,21.6478895588702,0.315412081482069,"09/06/2021","10:01:02","10:17:51"
"Izak Rankine","210609Wed","Craft",8.61983333333333,58.67012,5.11726831531932,0.305580289642104,"09/06/2021","11:30:48","11:39:25"
"Izak Rankine","210609Wed","Get to the Face",2.61166666666667,104.34561,32.6151882578175,0.538146968730058,"09/06/2021","10:20:08","10:22:45"
"Izak Rankine","210609Wed","Goal Kicking",5.18416666666667,58.70119,0.314418903713229,0.257489438996946,"09/06/2021","11:05:01","11:10:12"
"Izak Rankine","210609Wed","Lines",13.1766666666667,120.21229,32.6349615481912,0.356739122185682,"09/06/2021","10:23:45","10:36:55"
"Izak Rankine","210609Wed","Match Simulation",12.006,122.69032,36.4700982841912,0.376526750513632,"09/06/2021","11:14:45","11:26:45"
"Izak Rankine","210609Wed","Proactive Grids",5.64866666666667,126.20205,46.0374111884811,0.337191697155671,"09/06/2021","10:57:07","11:02:46"
"Izak Rankine","210609Wed","Proactive Grids",5.89116666666667,133.61039,40.9935779556964,0.430825105383767,"09/06/2021","10:49:53","10:55:46"
"Izak Rankine","210609Wed","Tackle Technique",5.40216666666667,68.52528,5.64032949742387,0.440237065375004,"09/06/2021","10:43:11","10:48:35"
"Izak Rankine","210609Wed","Warm Up",16.8053333333333,98.52719,21.1968434623929,0.334375723976515,"09/06/2021","10:01:02","10:17:51"
"Noah Anderson","210609Wed","Craft",8.61983333333333,45.87772,1.61952087240666,0.293048125447128,"09/06/2021","11:30:48","11:39:25"
"Noah Anderson","210609Wed","Get to the Face",2.61166666666667,113.76483,33.8864071474154,0.631734907466497,"09/06/2021","10:20:08","10:22:45"
"Noah Anderson","210609Wed","Goal Kicking",5.18416666666667,67.5762,6.41183089535444,0.391307474682527,"09/06/2021","11:05:01","11:10:12"
"Noah Anderson","210609Wed","Lines",13.1766666666667,105.47012,27.3862896534278,0.406411940298507,"09/06/2021","10:23:45","10:36:55"
"Noah Anderson","210609Wed","Match Simulation",9.03866666666667,151.12703,58.3847175099572,0.49771079805281,"09/06/2021","11:14:45","11:26:45"
"Noah Anderson","210609Wed","Proactive Grids",5.89116666666667,154.78449,64.951481030922,0.561192859365717,"09/06/2021","10:49:53","10:55:46"
"Noah Anderson","210609Wed","Proactive Grids",5.64866666666667,115.29842,33.3547739879618,0.392827835477399,"09/06/2021","10:57:07","11:02:46"
"Noah Anderson","210609Wed","Tackle Technique",5.40216666666667,65.92235,3.18760990960417,0.441723937926141,"09/06/2021","10:43:11","10:48:35"
"Noah Anderson","210609Wed","Warm Up",16.8053333333333,97.90089,21.8008177959378,0.346866480879086,"09/06/2021","10:01:02","10:17:51"
"Jy Farrar","210609Wed","Craft",8.61983333333333,59.29662,6.56741236296139,0.335893269398093,"09/06/2021","11:30:48","11:39:25"
"Jy Farrar","210609Wed","Get to the Face",2.61166666666667,114.25272,32.0944479897894,0.565986853860881,"09/06/2021","10:20:08","10:22:45"
"Jy Farrar","210609Wed","Goal Kicking",5.18416666666667,43.0106,0,0.283836135669506,"09/06/2021","11:05:01","11:10:12"
"Jy Farrar","210609Wed","Lines",13.1766666666667,114.17254,32.9833038198836,0.414562484189223,"09/06/2021","10:23:45","10:36:55"
"Jy Farrar","210609Wed","Match Simulation",10.0305,128.62861,45.5550560789592,0.440344000797567,"09/06/2021","11:14:45","11:26:45"
"Jy Farrar","210609Wed","Proactive Grids",5.89116666666667,125.91,32.4978074518347,0.524406710611933,"09/06/2021","10:49:53","10:55:46"
"Jy Farrar","210609Wed","Proactive Grids",6.07066666666667,128.97349,34.4311443004612,0.515270563364814,"09/06/2021","10:42:40","10:48:44"
"Jy Farrar","210609Wed","Tackle Technique",5.21383333333333,51.12075,3.69785506505131,0.337361506249401,"09/06/2021","10:57:38","11:02:51"
"Jy Farrar","210609Wed","Warm Up",16.8053333333333,95.30075,18.573865439543,0.306554675103142,"09/06/2021","10:01:02","10:17:51"
"Jordan Murdoch","210609Wed","Craft",8.61983333333333,65.50212,2.29238771051258,0.43165047661401,"09/06/2021","11:30:48","11:39:25"
"Jordan Murdoch","210609Wed","Get to the Face",2.61166666666667,109.36998,17.8659859604339,0.529001467772814,"09/06/2021","10:20:08","10:22:45"
"Jordan Murdoch","210609Wed","Goal Kicking",5.18416666666667,68.14358,0,0.336515544124739,"09/06/2021","11:05:01","11:10:12"
"Jordan Murdoch","210609Wed","Lines",13.1766666666667,98.45875,18.4272704275234,0.422549076650645,"09/06/2021","10:23:45","10:36:55"
"Jordan Murdoch","210609Wed","Match Simulation",12.006,129.90909,55.0949508579044,0.391989685712699,"09/06/2021","11:14:45","11:26:45"
"Jordan Murdoch","210609Wed","Proactive Grids",5.64866666666667,127.28745,31.4693733034344,0.564690103859318,"09/06/2021","10:57:07","11:02:46"
"Jordan Murdoch","210609Wed","Proactive Grids",6.07066666666667,150.70037,56.0729189545355,0.511960904897869,"09/06/2021","10:42:40","10:48:44"
"Jordan Murdoch","210609Wed","Tackle Technique",5.21766666666667,44.39703,2.20980003833131,0.320054590174407,"09/06/2021","10:50:33","10:55:46"
"Jordan Murdoch","210609Wed","Warm Up",16.8053333333333,91.00684,18.7285782291336,0.292141780387179,"09/06/2021","10:01:02","10:17:51"
"Darcy MacPherson","210609Wed","Craft",8.61983333333333,49.09432,0,0.201377095458149,"09/06/2021","11:30:48","11:39:25"
"Darcy MacPherson","210609Wed","Get to the Face",2.61166666666667,108.1132,26.7683471601787,0.712365283982132,"09/06/2021","10:20:08","10:22:45"
"Darcy MacPherson","210609Wed","Goal Kicking",5.18416666666667,64.7109,0.0983764668059797,0.25554132776081,"09/06/2021","11:05:01","11:10:12"
"Darcy MacPherson","210609Wed","Lines",13.1766666666667,117.44232,38.3078666835315,0.456234669870984,"09/06/2021","10:23:45","10:36:55"
"Darcy MacPherson","210609Wed","Match Simulation",12.006,130.05221,49.1970697984341,0.480224998611805,"09/06/2021","11:14:45","11:26:45"
"Darcy MacPherson","210609Wed","Proactive Grids",6.07066666666667,135.69309,45.2783878761256,0.541683285745662,"09/06/2021","10:42:40","10:48:44"
"Darcy MacPherson","210609Wed","Proactive Grids",5.89116666666667,134.80635,49.3705281919258,0.523637112060429,"09/06/2021","10:49:53","10:55:46"
"Darcy MacPherson","210609Wed","Tackle Technique",5.21383333333333,37.89985,0.477575680081834,0.31709519547358,"09/06/2021","10:57:38","11:02:51"
"Darcy MacPherson","210609Wed","Warm Up",16.8053333333333,91.4111,17.3879324024119,0.329254740558553,"09/06/2021","10:01:02","10:17:51"
"Sean Lemmens","210609Wed","Craft",8.61983333333333,68.38709,11.7264448268528,0.289932461957888,"09/06/2021","11:30:48","11:39:25"
"Sean Lemmens","210609Wed","Get to the Face",2.61166666666667,105.43898,21.2239948947033,0.585292469687301,"09/06/2021","10:20:08","10:22:45"
"Sean Lemmens","210609Wed","Goal Kicking",5.18416666666667,47.90507,0,0.191673814499277,"09/06/2021","11:05:01","11:10:12"
"Sean Lemmens","210609Wed","Lines",13.1766666666667,98.79978,13.3455595750063,0.410208487224893,"09/06/2021","10:23:45","10:36:55"
"Sean Lemmens","210609Wed","Match Simulation",8.339,124.51121,31.7879841707639,0.466799256505576,"09/06/2021","11:14:45","11:26:45"
"Sean Lemmens","210609Wed","Proactive Grids",5.89116666666667,145.697,57.8459292160579,0.479544346054828,"09/06/2021","10:49:53","10:55:46"
"Sean Lemmens","210609Wed","Proactive Grids",5.64866666666667,138.64336,37.8372477280774,0.505555765372359,"09/06/2021","10:57:07","11:02:46"
"Sean Lemmens","210609Wed","Tackle Technique",5.40216666666667,52.21223,0.621972665288619,0.377947767870916,"09/06/2021","10:43:11","10:48:35"
"Sean Lemmens","210609Wed","Warm Up",16.8053333333333,96.83656,20.210250714059,0.292926491589971,"09/06/2021","10:01:02","10:17:51"
"Matthew Rowell","210609Wed","Craft",8.61983333333333,50.44664,1.64388329240705,0.309277963611052,"09/06/2021","11:30:48","11:39:25"
"Matthew Rowell","210609Wed","Get to the Face",2.61166666666667,114.35987,30.3216336949585,0.733176005105297,"09/06/2021","10:20:08","10:22:45"
"Matthew Rowell","210609Wed","Goal Kicking",5.18416666666667,79.91394,4.21089856936184,0.525478026040829,"09/06/2021","11:05:01","11:10:12"
"Matthew Rowell","210609Wed","Lines",13.1766666666667,114.22137,33.5752585378194,0.418520376928915,"09/06/2021","10:23:45","10:36:55"
"Matthew Rowell","210609Wed","Match Simulation",8.322,143.50883,44.1324200913242,0.539804794520548,"09/06/2021","11:14:45","11:26:45"
"Matthew Rowell","210609Wed","Proactive Grids",5.89116666666667,152.63929,51.3565490706425,0.512308116671853,"09/06/2021","10:49:53","10:55:46"
"Matthew Rowell","210609Wed","Proactive Grids",6.07066666666667,142.79619,48.6569294970349,0.563099439929717,"09/06/2021","10:42:40","10:48:44"
"Matthew Rowell","210609Wed","Tackle Technique",5.21383333333333,46.77382,0,0.414428251766135,"09/06/2021","10:57:38","11:02:51"
"Matthew Rowell","210609Wed","Warm Up",16.8053333333333,96.07335,18.6077832434148,0.352050906458267,"09/06/2021","10:01:02","10:17:51"
"Jarrod Harbrow","210609Wed","Craft",8.61983333333333,52.17063,2.74019219242445,0.339898470581411,"09/06/2021","11:30:48","11:39:25"
"Jarrod Harbrow","210609Wed","Get to the Face",2.61166666666667,95.06208,9.58391831525208,0.549823165283982,"09/06/2021","10:20:08","10:22:45"
"Jarrod Harbrow","210609Wed","Goal Kicking",5.18416666666667,64.39865,1.20752290628516,0.438028869956599,"09/06/2021","11:05:01","11:10:12"
"Jarrod Harbrow","210609Wed","Lines",13.1766666666667,98.80289,21.6261059954465,0.441887098406274,"09/06/2021","10:23:45","10:36:55"
"Jarrod Harbrow","210609Wed","Match Simulation",12.006,121.951,37.6178585707146,0.480753609306458,"09/06/2021","11:14:45","11:26:45"
"Jarrod Harbrow","210609Wed","Proactive Grids",6.07066666666667,118.489,34.9648583351636,0.571037063474632,"09/06/2021","10:42:40","10:48:44"
"Jarrod Harbrow","210609Wed","Proactive Grids",5.64866666666667,115.83958,22.0335182343916,0.506729228136433,"09/06/2021","10:57:07","11:02:46"
"Jarrod Harbrow","210609Wed","Tackle Technique",5.21766666666667,46.60487,0.291317958218872,0.352951255350412,"09/06/2021","10:50:33","10:55:46"
"Jarrod Harbrow","210609Wed","Warm Up",16.8053333333333,87.42056,18.8666296413837,0.269575045620438,"09/06/2021","10:01:02","10:17:51"
"David Swallow","210609Wed","Craft",8.61983333333333,53.41515,5.64512074866103,0.352099402540652,"09/06/2021","11:30:48","11:39:25"
"David Swallow","210609Wed","Craft",20.3733333333333,93.80311,19.9206483965969,0.408375106348167,"09/06/2021","10:42:40","11:03:02"
"David Swallow","210609Wed","Get to the Face",2.61166666666667,116.87259,37.5162731333759,0.672260816847479,"09/06/2021","10:20:08","10:22:45"
"David Swallow","210609Wed","Goal Kicking",5.18416666666667,54.10899,0,0.25855338370037,"09/06/2021","11:05:01","11:10:12"
"David Swallow","210609Wed","Lines",13.1766666666667,109.07159,33.6367308373387,0.38639153807235,"09/06/2021","10:23:45","10:36:55"
"David Swallow","210609Wed","Match Simulation",10.9433333333333,135.54965,42.9932969844654,0.550842841912884,"09/06/2021","11:14:45","11:26:45"
"David Swallow","210609Wed","Warm Up",16.8053333333333,99.85393,22.9718740082513,0.333486482465884,"09/06/2021","10:01:02","10:17:51"
"Joel Jeffrey","210609Wed","Craft",8.61983333333333,42.16226,0,0.198341653937624,"09/06/2021","11:30:48","11:39:25"
"Joel Jeffrey","210609Wed","Get to the Face",2.61166666666667,113.13719,21.1703892788768,0.540198659859604,"09/06/2021","10:20:08","10:22:45"
"Joel Jeffrey","210609Wed","Goal Kicking",5.18416666666667,54.12463,0,0.273039993570166,"09/06/2021","11:05:01","11:10:12"
"Joel Jeffrey","210609Wed","Lines",13.1766666666667,108.82963,21.6655704528206,0.404032582848469,"09/06/2021","10:23:45","10:36:55"
"Joel Jeffrey","210609Wed","Match Simulation",12.006,132.4951,38.5532233883059,0.445030651340996,"09/06/2021","11:14:45","11:26:45"
"Joel Jeffrey","210609Wed","Proactive Grids",5.64866666666667,151.49881,64.4364451788033,0.540612356898383,"09/06/2021","10:57:07","11:02:46"
"Joel Jeffrey","210609Wed","Proactive Grids",6.07066666666667,140.62855,32.8118822754228,0.471530694047881,"09/06/2021","10:42:40","10:48:44"
"Joel Jeffrey","210609Wed","Tackle Technique",5.21766666666667,48.94889,0,0.371808758704402,"09/06/2021","10:50:33","10:55:46"
"Joel Jeffrey","210609Wed","Warm Up",16.8053333333333,90.92854,15.448072040622,0.268193033957474,"09/06/2021","10:01:02","10:17:51"
"Touk Miller","210609Wed","Craft",8.61983333333333,59.61293,11.9364256849514,0.286017266381794,"09/06/2021","11:30:48","11:39:25"
"Touk Miller","210609Wed","Get to the Face",2.61166666666667,127.76361,57.0861518825782,0.745688704530951,"09/06/2021","10:20:08","10:22:45"
"Touk Miller","210609Wed","Goal Kicking",5.18416666666667,61.55381,8.26941006269088,0.354035235492686,"09/06/2021","11:05:01","11:10:12"
"Touk Miller","210609Wed","Lines",13.1766666666667,114.98683,39.3369592714394,0.40920058183658,"09/06/2021","10:23:45","10:36:55"
"Touk Miller","210609Wed","Match Simulation",12.006,126.24976,44.7476261869065,0.420422163918041,"09/06/2021","11:14:45","11:26:45"
"Touk Miller","210609Wed","Proactive Grids",5.89116666666667,173.16571,88.5580122782697,0.56184703086542,"09/06/2021","10:49:53","10:55:46"
"Touk Miller","210609Wed","Proactive Grids",5.64866666666667,153.27371,64.1284078838664,0.546816947952319,"09/06/2021","10:57:07","11:02:46"
"Touk Miller","210609Wed","Tackle Technique",5.40216666666667,51.39264,1.85851355937432,0.460061364267424,"09/06/2021","10:43:11","10:48:35"
"Touk Miller","210609Wed","Warm Up",16.8053333333333,94.57749,19.5051174230403,0.309923655188829,"09/06/2021","10:01:02","10:17:51"
"Brandon Ellis","210609Wed","Craft",8.61983333333333,56.69217,1.0023395657302,0.407410932152594,"09/06/2021","11:30:48","11:39:25"
"Brandon Ellis","210609Wed","Get to the Face",2.61166666666667,104.64783,18.0076579451181,0.513894767070836,"09/06/2021","10:20:08","10:22:45"
"Brandon Ellis","210609Wed","Goal Kicking",5.18416666666667,78.72461,3.65343192412795,0.392844783796817,"09/06/2021","11:05:01","11:10:12"
"Brandon Ellis","210609Wed","Lines",13.1766666666667,102.74547,23.105235770301,0.379248140652669,"09/06/2021","10:23:45","10:36:55"
"Brandon Ellis","210609Wed","Match Simulation",10.7975,143.74858,53.8856235239639,0.458890344987265,"09/06/2021","11:14:45","11:26:45"
"Brandon Ellis","210609Wed","Proactive Grids",5.89116666666667,150.50497,53.790703595779,0.553448354881602,"09/06/2021","10:49:53","10:55:46"
"Brandon Ellis","210609Wed","Proactive Grids",5.64866666666667,115.60176,40.4785772453676,0.501756815767733,"09/06/2021","10:57:07","11:02:46"
"Brandon Ellis","210609Wed","Tackle Technique",5.40216666666667,56.46829,1.00145003547959,0.467729984882609,"09/06/2021","10:43:11","10:48:35"
"Brandon Ellis","210609Wed","Warm Up",16.8053333333333,90.85156,14.3091478895589,0.320883727388131,"09/06/2021","10:01:02","10:17:51"
"Rory Atkins","210609Wed","Craft",8.61983333333333,74.04413,12.014153405905,0.277162319457066,"09/06/2021","11:30:48","11:39:25"
"Rory Atkins","210609Wed","Get to the Face",2.61166666666667,122.83885,36.0842373962987,0.661708742820677,"09/06/2021","10:20:08","10:22:45"
"Rory Atkins","210609Wed","Goal Kicking",5.18416666666667,82.89885,7.25092428869957,0.388936891175052,"09/06/2021","11:05:01","11:10:12"
"Rory Atkins","210609Wed","Lines",13.1766666666667,100.62985,23.2942069314445,0.373707450037946,"09/06/2021","10:23:45","10:36:55"
"Rory Atkins","210609Wed","Match Simulation",8.35516666666667,136.51785,51.0330932955656,0.451987472821208,"09/06/2021","11:14:45","11:26:45"
"Rory Atkins","210609Wed","Proactive Grids",6.07066666666667,129.93577,32.9518998462552,0.537507906874588,"09/06/2021","10:42:40","10:48:44"
"Rory Atkins","210609Wed","Proactive Grids",5.89116666666667,126.70969,49.6438170141738,0.508071349760941,"09/06/2021","10:49:53","10:55:46"
"Rory Atkins","210609Wed","Tackle Technique",5.21383333333333,46.79426,1.42697311638909,0.343124508519004,"09/06/2021","10:57:38","11:02:51"
"Rory Atkins","210609Wed","Warm Up",16.8053333333333,98.39092,18.4114170104729,0.303471626071089,"09/06/2021","10:01:02","10:17:51"
"Alex Davies","210609Wed","Craft",8.61983333333333,61.29867,2.79123726290145,0.444043233627874,"09/06/2021","11:30:48","11:39:25"
"Alex Davies","210609Wed","Get to the Face",2.61166666666667,99.55457,28.7402680280791,0.801923165283982,"09/06/2021","10:20:08","10:22:45"
"Alex Davies","210609Wed","Goal Kicking",5.18416666666667,65.77994,2.63880405079569,0.329227423243851,"09/06/2021","11:05:01","11:10:12"
"Alex Davies","210609Wed","Lines",13.1766666666667,105.56275,29.6311662028839,0.408644965848722,"09/06/2021","10:23:45","10:36:55"
"Alex Davies","210609Wed","Match Simulation",7.9015,111.50018,30.882743782826,0.473599443143707,"09/06/2021","11:14:45","11:26:45"
"Alex Davies","210609Wed","Proactive Grids",5.64866666666667,149.04793,68.1328909477163,0.51349477752862,"09/06/2021","10:57:07","11:02:46"
"Alex Davies","210609Wed","Proactive Grids",6.07066666666667,154.47077,57.0085657808039,0.583450389852844,"09/06/2021","10:42:40","10:48:44"
"Alex Davies","210609Wed","Tackle Technique",5.21766666666667,46.48549,2.11397176260142,0.321900562192551,"09/06/2021","10:50:33","10:55:46"
"Alex Davies","210609Wed","Warm Up",16.8053333333333,93.00185,17.3314027292923,0.321986234528721,"09/06/2021","10:01:02","10:17:51"
"Jack Bowes","210609Wed","Craft",8.61983333333333,51.50821,1.01742106382567,0.384247993967401,"09/06/2021","11:30:48","11:39:25"
"Jack Bowes","210609Wed","Get to the Face",2.61166666666667,107.74564,25.5469049138481,0.626920165922144,"09/06/2021","10:20:08","10:22:45"
"Jack Bowes","210609Wed","Goal Kicking",5.18416666666667,53.3307,1.31361517440926,0.356282687670792,"09/06/2021","11:05:01","11:10:12"
"Jack Bowes","210609Wed","Lines",13.1766666666667,105.56948,22.6134588919808,0.431374955729825,"09/06/2021","10:23:45","10:36:55"
"Jack Bowes","210609Wed","Match Simulation",8.7385,127.15727,42.8826423299193,0.446585550533082,"09/06/2021","11:14:45","11:26:45"
"Jack Bowes","210609Wed","Proactive Grids",6.07066666666667,146.74657,46.5962003074896,0.524028744783659,"09/06/2021","10:42:40","10:48:44"
"Jack Bowes","210609Wed","Proactive Grids",5.89116666666667,132.021,45.0335247687215,0.532332560047529,"09/06/2021","10:49:53","10:55:46"
"Jack Bowes","210609Wed","Tackle Technique",5.21383333333333,41.60497,0,0.344641051050091,"09/06/2021","10:57:38","11:02:51"
"Jack Bowes","210609Wed","Warm Up",16.8053333333333,92.96385,15.9865921532847,0.286751239685814,"09/06/2021","10:01:02","10:17:51"
"Oleg Markov","210609Wed","Craft",8.61983333333333,70.89263,18.9922465631586,0.294614745064676,"09/06/2021","11:30:48","11:39:25"
"Oleg Markov","210609Wed","Get to the Face",2.61166666666667,117.93495,31.4932992980217,0.691961837906828,"09/06/2021","10:20:08","10:22:45"
"Oleg Markov","210609Wed","Goal Kicking",5.18416666666667,60.30752,1.29432567111397,0.322831731232921,"09/06/2021","11:05:01","11:10:12"
"Oleg Markov","210609Wed","Lines",13.1766666666667,111.67223,25.8601070073362,0.483259397925626,"09/06/2021","10:23:45","10:36:55"
"Oleg Markov","210609Wed","Match Simulation",12.006,124.10107,42.8544052973513,0.407849255927592,"09/06/2021","11:14:45","11:26:45"
"Oleg Markov","210609Wed","Proactive Grids",5.89116666666667,146.03269,52.3987891475939,0.543026706651201,"09/06/2021","10:49:53","10:55:46"
"Oleg Markov","210609Wed","Proactive Grids",6.07066666666667,159.70222,59.0544679332308,0.568776218976499,"09/06/2021","10:42:40","10:48:44"
"Oleg Markov","210609Wed","Tackle Technique",5.21383333333333,51.05206,0,0.378101364958604,"09/06/2021","10:57:38","11:02:51"
"Oleg Markov","210609Wed","Warm Up",16.8053333333333,100.92528,21.4658045065059,0.311483903919391,"09/06/2021","10:01:02","10:17:51"
"Nick Holman","210609Wed","Craft",8.61983333333333,52.80081,0.784237900964829,0.323987180726619,"09/06/2021","11:30:48","11:39:25"
"Nick Holman","210609Wed","Get to the Face",2.61166666666667,105.6649,29.5788130185067,0.711125973197192,"09/06/2021","10:20:08","10:22:45"
"Nick Holman","210609Wed","Goal Kicking",5.18416666666667,89.92695,18.548786368751,0.413473010769973,"09/06/2021","11:05:01","11:10:12"
"Nick Holman","210609Wed","Lines",13.1766666666667,103.19883,27.5972678977991,0.397200126486213,"09/06/2021","10:23:45","10:36:55"
"Nick Holman","210609Wed","Match Simulation",9.78033333333333,144.15658,50.6342660441021,0.494142462765414,"09/06/2021","11:14:45","11:26:45"
"Nick Holman","210609Wed","Proactive Grids",5.89116666666667,91.25999,23.5539083939231,0.37097796135457,"09/06/2021","10:49:53","10:55:46"
"Nick Holman","210609Wed","Proactive Grids",5.64866666666667,116.34607,34.5462055942405,0.474788386639915,"09/06/2021","10:57:07","11:02:46"
"Nick Holman","210609Wed","Tackle Technique",5.40216666666667,62.46856,2.24539536605683,0.439808657020331,"09/06/2021","10:43:11","10:48:35"
"Nick Holman","210609Wed","Warm Up",16.8053333333333,93.38911,24.3827356394795,0.330691903364011,"09/06/2021","10:01:02","10:17:51"
"Hewago Paul Oea","210609Wed","1 x 8 150m",7.56666666666667,185.33661,151.003079735683,0.271048678414097,"09/06/2021","11:10:00","11:17:34"
"Hewago Paul Oea","210609Wed","Craft",8.61983333333333,40.16141,1.77497631431389,0.205350992865291,"09/06/2021","11:30:48","11:39:25"
"Hewago Paul Oea","210609Wed","Craft",20.3733333333333,73.21866,12.1447966295812,0.421922979384817,"09/06/2021","10:42:40","11:03:02"
"Hewago Paul Oea","210609Wed","Get to the Face",2.61166666666667,122.07281,45.4345883854499,0.605214613911934,"09/06/2021","10:20:08","10:22:45"
"Hewago Paul Oea","210609Wed","Lines",13.1766666666667,91.84656,27.3657973690868,0.383612496837845,"09/06/2021","10:23:45","10:36:55"
"Hewago Paul Oea","210609Wed","Warm Up",16.8053333333333,97.57345,20.1721675658521,0.344792724531895,"09/06/2021","10:01:02","10:17:51"
"Caleb Graham","210609Wed","Craft",8.61983333333333,43.59005,5.38525493532357,0.283295887391481,"09/06/2021","11:30:48","11:39:25"
"Caleb Graham","210609Wed","Get to the Face",2.61166666666667,90.89986,16.8589661774091,0.640734779834078,"09/06/2021","10:20:08","10:22:45"
"Caleb Graham","210609Wed","Goal Kicking",5.18416666666667,43.86192,0,0.193346117987462,"09/06/2021","11:05:01","11:10:12"
"Caleb Graham","210609Wed","Lines",13.1766666666667,97.98592,19.1748047052871,0.435861813812294,"09/06/2021","10:23:45","10:36:55"
"Caleb Graham","210609Wed","Match Simulation",12.006,112.15547,32.2930193236715,0.463931395413404,"09/06/2021","11:14:45","11:26:45"
"Caleb Graham","210609Wed","Proactive Grids",6.07066666666667,126.41392,32.4610147155721,0.492714199428948,"09/06/2021","10:42:40","10:48:44"
"Caleb Graham","210609Wed","Proactive Grids",5.89116666666667,109.42757,19.2949896738054,0.516383738365349,"09/06/2021","10:49:53","10:55:46"
"Caleb Graham","210609Wed","Tackle Technique",5.21383333333333,47.77455,0,0.42660860531279,"09/06/2021","10:57:38","11:02:51"
"Caleb Graham","210609Wed","Warm Up",16.8053333333333,90.11027,12.3752380196763,0.26959735996509,"09/06/2021","10:01:02","10:17:51"
"Jeremy Sharp","210609Wed","Craft",8.61983333333333,78.4723,4.2146986600669,0.36673783329144,"09/06/2021","11:30:48","11:39:25"
"Jeremy Sharp","210609Wed","Get to the Face",2.61166666666667,130.53588,49.8953414167199,0.792718379068283,"09/06/2021","10:20:08","10:22:45"
"Jeremy Sharp","210609Wed","Goal Kicking",5.18416666666667,96.92759,20.4545892943257,0.395936569683331,"09/06/2021","11:05:01","11:10:12"
"Jeremy Sharp","210609Wed","Lines",13.1766666666667,113.5145,31.0025289653428,0.420376789779914,"09/06/2021","10:23:45","10:36:55"
"Jeremy Sharp","210609Wed","Match Simulation",12.006,144.48681,59.1171081126104,0.511853989671831,"09/06/2021","11:14:45","11:26:45"
"Jeremy Sharp","210609Wed","Proactive Grids",5.64866666666667,166.00097,71.861204414021,0.538964858963767,"09/06/2021","10:57:07","11:02:46"
"Jeremy Sharp","210609Wed","Proactive Grids",6.07066666666667,162.52312,62.5598506479244,0.53308444981331,"09/06/2021","10:42:40","10:48:44"
"Jeremy Sharp","210609Wed","Tackle Technique",5.21766666666667,59.85711,0.638216316361081,0.461612789880534,"09/06/2021","10:50:33","10:55:46"
"Jeremy Sharp","210609Wed","Warm Up",16.8053333333333,101.7752,23.4110203110124,0.380979054268486,"09/06/2021","10:01:02","10:17:51"
"Sam Day","210609Wed","Craft",8.61983333333333,57.59774,8.41663605251455,0.311027108026064,"09/06/2021","11:30:48","11:39:25"
"Sam Day","210609Wed","Get to the Face",2.61166666666667,113.62799,28.6215698787492,0.75991212507977,"09/06/2021","10:20:08","10:22:45"
"Sam Day","210609Wed","Goal Kicking",5.18416666666667,58.19873,0,0.241814209934094,"09/06/2021","11:05:01","11:10:12"
"Sam Day","210609Wed","Lines",13.1766666666667,89.67458,17.4171515304832,0.366138692132558,"09/06/2021","10:23:45","10:36:55"
"Sam Day","210609Wed","Match Simulation",12.006,111.356,32.5445610528069,0.425719792881337,"09/06/2021","11:14:45","11:26:45"
"Sam Day","210609Wed","Proactive Grids",6.07066666666667,86.71727,15.5139468482319,0.406729162090929,"09/06/2021","10:42:40","10:48:44"
"Sam Day","210609Wed","Proactive Grids",5.89116666666667,117.72428,32.0021501117492,0.560526749087617,"09/06/2021","10:49:53","10:55:46"
"Sam Day","210609Wed","Tackle Technique",5.21383333333333,42.41,1.04146021800978,0.333823450436339,"09/06/2021","10:57:38","11:02:51"
"Sam Day","210609Wed","Warm Up",16.8053333333333,88.87948,18.6452707473818,0.289994793319581,"09/06/2021","10:01:02","10:17:51"
"Will Brodie","210609Wed","Craft",8.61983333333333,62.60714,10.7067035325509,0.307825402656664,"09/06/2021","11:30:48","11:39:25"
"Will Brodie","210609Wed","Get to the Face",2.61166666666667,120.41115,22.7058072750479,0.644811678366305,"09/06/2021","10:20:08","10:22:45"
"Will Brodie","210609Wed","Goal Kicking",5.18416666666667,54.74871,0,0.210597106574506,"09/06/2021","11:05:01","11:10:12"
"Will Brodie","210609Wed","Lines",13.1766666666667,111.74027,24.1381237035163,0.389399582595497,"09/06/2021","10:23:45","10:36:55"
"Will Brodie","210609Wed","Match Simulation",10.4556666666667,124.38778,20.0647176969426,0.391954809194376,"09/06/2021","11:14:45","11:26:45"
"Will Brodie","210609Wed","Proactive Grids",5.64866666666667,127.39652,35.4809394547386,0.444423020181754,"09/06/2021","10:57:07","11:02:46"
"Will Brodie","210609Wed","Proactive Grids",6.07066666666667,130.9256,37.910169119262,0.519002663079288,"09/06/2021","10:42:40","10:48:44"
"Will Brodie","210609Wed","Tackle Technique",5.21766666666667,38.86415,1.60224877020379,0.322301507698205,"09/06/2021","10:50:33","10:55:46"
"Will Brodie","210609Wed","Warm Up",16.8053333333333,98.46014,20.4012615042844,0.308776053237068,"09/06/2021","10:01:02","10:17:51"
"Malcolm Rosas","210609Wed","Craft",8.61983333333333,46.54309,2.2517836771786,0.326296989500957,"09/06/2021","11:30:48","11:39:25"
"Malcolm Rosas","210609Wed","Get to the Face",2.61166666666667,102.26562,17.7664326738992,0.573975175494576,"09/06/2021","10:20:08","10:22:45"
"Malcolm Rosas","210609Wed","Goal Kicking",5.18416666666667,75.60545,0,0.28720610834271,"09/06/2021","11:05:01","11:10:12"
"Malcolm Rosas","210609Wed","Lines",13.1766666666667,106.66257,26.3435357955983,0.462037604351126,"09/06/2021","10:23:45","10:36:55"
"Malcolm Rosas","210609Wed","Match Simulation",8.839,132.65781,47.0596221292001,0.483724176943093,"09/06/2021","11:14:45","11:26:45"
"Malcolm Rosas","210609Wed","Proactive Grids",6.07066666666667,115.03262,34.1626400175708,0.526882879420163,"09/06/2021","10:42:40","10:48:44"
"Malcolm Rosas","210609Wed","Proactive Grids",5.89116666666667,122.49153,36.8789430503296,0.543435539083939,"09/06/2021","10:49:53","10:55:46"
"Malcolm Rosas","210609Wed","Tackle Technique",5.21383333333333,57.71074,3.85896493303072,0.407560080554934,"09/06/2021","10:57:38","11:02:51"
"Malcolm Rosas","210609Wed","Warm Up",16.8053333333333,96.90916,17.7062837194541,0.327844860758489,"09/06/2021","10:01:02","10:17:51"
"Brayden Fiorini","210609Wed","Craft",8.61983333333333,77.30572,15.0571356754771,0.342423577408689,"09/06/2021","11:30:48","11:39:25"
"Brayden Fiorini","210609Wed","Get to the Face",2.61166666666667,114.29297,30.3063178047224,0.666239374601149,"09/06/2021","10:20:08","10:22:45"
"Brayden Fiorini","210609Wed","Goal Kicking",5.18416666666667,61.91695,0,0.32467445748272,"09/06/2021","11:05:01","11:10:12"
"Brayden Fiorini","210609Wed","Lines",13.1766666666667,110.51394,26.771565899317,0.430047331140906,"09/06/2021","10:23:45","10:36:55"
"Brayden Fiorini","210609Wed","Match Simulation",12.006,140.4366,51.2168932200566,0.504557998778389,"09/06/2021","11:14:45","11:26:45"
"Brayden Fiorini","210609Wed","Proactive Grids",6.07066666666667,147.53223,42.5291016911926,0.561137958488908,"09/06/2021","10:42:40","10:48:44"
"Brayden Fiorini","210609Wed","Proactive Grids",5.89116666666667,157.52735,63.1606659688234,0.591067785101989,"09/06/2021","10:49:53","10:55:46"
"Brayden Fiorini","210609Wed","Tackle Technique",5.21383333333333,47.22338,0,0.390027075408369,"09/06/2021","10:57:38","11:02:51"
"Brayden Fiorini","210609Wed","Warm Up",16.8053333333333,97.64324,21.8287845128531,0.360446743097429,"09/06/2021","10:01:02","10:17:51"
"Sam Collins","210609Wed","Get to the Face",2.61166666666667,109.70496,24.3254626675176,0.716090172303765,"09/06/2021","10:20:08","10:22:45"
"Sam Collins","210609Wed","Goal Kicking",5.18416666666667,59.8893,2.84713068638483,0.39237215881691,"09/06/2021","11:05:01","11:10:12"
"Sam Collins","210609Wed","Lines",13.1766666666667,85.27521,12.8590943587149,0.437664836832785,"09/06/2021","10:23:45","10:36:55"
"Sam Collins","210609Wed","Match Simulation",10.0891666666667,111.14102,33.69356570579,0.465008342281325,"09/06/2021","11:14:45","11:26:45"
"Sam Collins","210609Wed","Proactive Grids",5.89116666666667,117.92129,37.148838656746,0.542369790929923,"09/06/2021","10:49:53","10:55:46"
"Sam Collins","210609Wed","Proactive Grids",6.07066666666667,58.44672,2.5433779925324,0.424271688996266,"09/06/2021","10:42:40","10:48:44"
"Sam Collins","210609Wed","Tackle Technique",5.21383333333333,111.32796,19.8376114822747,0.473006521113704,"09/06/2021","10:57:38","11:02:51"
"Sam Collins","210609Wed","Warm Up",16.8053333333333,96.02232,18.1573310060298,0.321452505157093,"09/06/2021","10:01:02","10:17:51"
"Charlie Ballard","210609Wed","Craft",8.61983333333333,58.68177,2.7193101181384,0.281968019489936,"09/06/2021","11:30:48","11:39:25"
"Charlie Ballard","210609Wed","Get to the Face",2.61166666666667,76.52824,13.1563497128271,0.664101148691768,"09/06/2021","10:20:08","10:22:45"
"Charlie Ballard","210609Wed","Goal Kicking",5.18416666666667,48.753,1.72062369393988,0.299643465680759,"09/06/2021","11:05:01","11:10:12"
"Charlie Ballard","210609Wed","Lines",13.1766666666667,91.21246,10.6703769289147,0.430400455350367,"09/06/2021","10:23:45","10:36:55"
"Charlie Ballard","210609Wed","Match Simulation",10.3808333333333,116.31358,37.8736453399695,0.369263707152605,"09/06/2021","11:14:45","11:26:45"
"Charlie Ballard","210609Wed","Proactive Grids",5.64866666666667,122.04686,23.4303080372949,0.568310427239467,"09/06/2021","10:57:07","11:02:46"
"Charlie Ballard","210609Wed","Proactive Grids",5.89116666666667,126.96345,36.7024058618836,0.511994256938354,"09/06/2021","10:49:53","10:55:46"
"Charlie Ballard","210609Wed","Tackle Technique",5.40216666666667,48.21912,0.225835312991701,0.347043717027119,"09/06/2021","10:43:11","10:48:35"
"Charlie Ballard","210609Wed","Warm Up",16.8053333333333,92.38875,12.28895588702,0.301071386067915,"09/06/2021","10:01:02","10:17:51"
"Zac Smith","210609Wed","Craft",8.61983333333333,72.31517,0.477967478102825,0.465306715133703,"09/06/2021","11:30:48","11:39:25"
"Zac Smith","210609Wed","Craft",20.3733333333333,72.50708,3.52077879581152,0.451472864856021,"09/06/2021","10:42:40","11:03:02"
"Zac Smith","210609Wed","Get to the Face",2.61166666666667,133.58809,40.7785577536694,0.633839757498405,"09/06/2021","10:20:08","10:22:45"
"Zac Smith","210609Wed","Goal Kicking",5.18416666666667,55.11075,0,0.264920045008841,"09/06/2021","11:05:01","11:10:12"
"Zac Smith","210609Wed","Lines",13.1766666666667,108.14572,25.6256008095118,0.426822881355932,"09/06/2021","10:23:45","10:36:55"
"Zac Smith","210609Wed","Match Simulation",12.006,137.45194,38.1092795269032,0.411072061191626,"09/06/2021","11:14:45","11:26:45"
"Zac Smith","210609Wed","Warm Up",16.8053333333333,96.3044,17.7175896540781,0.326176531259917,"09/06/2021","10:01:02","10:17:51"
"Jez McLennan","210609Wed","Craft",8.61983333333333,55.80016,3.40261799338734,0.307914731529999,"09/06/2021","11:30:48","11:39:25"
"Jez McLennan","210609Wed","Get to the Face",2.61166666666667,107.91051,17.4256541161455,0.615148053605616,"09/06/2021","10:20:08","10:22:45"
"Jez McLennan","210609Wed","Goal Kicking",5.18416666666667,53.62264,0,0.311093168300916,"09/06/2021","11:05:01","11:10:12"
"Jez McLennan","210609Wed","Lines",13.1766666666667,109.71015,23.7996458386036,0.524938603592208,"09/06/2021","10:23:45","10:36:55"
"Jez McLennan","210609Wed","Match Simulation",12.006,130.39846,39.9000508079294,0.526833846965406,"09/06/2021","11:14:45","11:26:45"
"Jez McLennan","210609Wed","Proactive Grids",5.64866666666667,117.88627,30.3629175026555,0.529622182225894,"09/06/2021","10:57:07","11:02:46"
"Jez McLennan","210609Wed","Proactive Grids",6.07066666666667,137.83055,44.6425433779925,0.58220211948166,"09/06/2021","10:42:40","10:48:44"
"Jez McLennan","210609Wed","Tackle Technique",5.21766666666667,46.6263,0.11499393087587,0.406568836644733,"09/06/2021","10:50:33","10:55:46"
"Jez McLennan","210609Wed","Warm Up",16.8053333333333,90.6858,15.0922326245636,0.358648643287845,"09/06/2021","10:01:02","10:17:51"
