Player,Date,RowIndex,Average Left Force,Average Right Force,Max Left Force,Max Right Force
Player 1,22/11/2019,10,394,415,405,423
Player 10,7/12/2020,6,414,398.6,438,426.5
Player 10,15/12/2020,4,340.65,331.2,392.5,382
Player 10,18/01/2021,2,497.8125,462.25,507.75,481.25
Player 10,3/02/2021,0,466.25,439.0625,473.75,485.75
Player 10,3/02/2021,2,458.9375,437.3125,471,474.25
Player 10,8/02/2021,4,455.125,456,505,494.5
Player 10,8/02/2021,2,422.5,445.75,436.75,451.75
Player 10,20/02/2021,4,405.6875,401.6875,422,413.5
Player 10,22/02/2021,2,413.625,443.6875,422.25,473.5
Player 10,2/03/2021,0,398.375,426.1875,417.75,444.75
Player 11,11/01/2020,0,374.9375,365.3125,399,398
Player 11,17/01/2020,0,397.25,364.0625,403.75,379
Player 11,2/03/2020,2,327,349.75,358.75,384.5
Player 11,24/01/2020,2,332.375,342.1875,365,366
Player 12,11/01/2020,0,320.4167,280.75,329.25,284
Player 12,11/01/2020,2,288.6667,305.6667,303.5,320
Player 12,11/01/2020,4,283.75,289.3333,297.75,297.75
Player 12,16/06/2020,0,328.05,305.95,385,349.75
Player 12,16/06/2020,4,270.375,264.5,349,342.5
Player 12,16/06/2020,2,301.0417,299.4167,387.5,379.25
Player 12,17/01/2020,0,368.0625,346.9375,382.75,353.25
Player 12,17/01/2020,4,341.9375,358.4375,355.75,367
Player 12,17/01/2020,2,354.25,350.125,389.5,363.25
Player 12,18/02/2020,0,383,354.4375,391,380.25
Player 12,2/03/2020,0,337.75,289.875,355,318.5
Player 12,24/01/2020,0,371.5625,364.4375,386.5,368
Player 12,24/01/2020,4,362.0625,376.1875,373.25,384.5
Player 12,24/01/2020,2,373.1875,373.25,391,378
Player 12,29/05/2020,0,348.8125,348.3125,365,373
Player 12,29/05/2020,2,300.5625,304.875,305.25,312.75
Player 12,31/01/2020,0,354.8125,312.375,362.75,324.25
Player 12,7/02/2020,2,407.0625,343.875,425,352.25
Player 12,8/06/2020,2,374.1875,352.1875,379.75,367.25
Player 12,8/06/2020,4,298.3125,309.5,315.25,326.5
Player 13,10/08/2020,0,530.5,531.1667,571.25,599.5
Player 13,10/08/2020,2,535,585.9167,584.75,655.25
Player 13,11/01/2020,0,478.75,523.75,504.75,529.25
Player 13,11/02/2020,0,443.375,539.625,467.5,562.5
Player 13,16/06/2020,0,491,469.3125,519.5,494.75
Player 13,16/06/2020,4,388,436.35,461.75,541.5
Player 13,18/01/2021,0,461.125,458.6875,589,565
Player 13,18/02/2020,0,413.875,437.875,441.25,457.5
Player 13,2/09/2020,2,535.8333,536.3333,540,554
Player 13,29/11/2019,0,510,555,522,580
Player 13,3/02/2021,0,403.0417,405.7083,531.25,533.25
Player 13,7/02/2020,0,441.625,510.8125,515,537.75
Player 13,8/02/2021,0,511,525.25,536,549.5
Player 13,8/06/2020,0,462.125,500.875,495.25,538
Player 14,24/01/2020,2,318.25,397.6875,348,402.75
Player 14,29/11/2019,0,378,431,398,434
Player 15,11/01/2020,4,307.35,320.8,398,424.25
Player 15,11/01/2020,0,407.875,417.625,419,460
Player 15,13/06/2020,0,292.8333,287.0417,430,408.25
Player 15,17/01/2020,6,384.875,410.375,394.75,437.75
Player 15,17/01/2020,4,449.0625,428.6875,463.25,468
Player 15,17/01/2020,0,364.2917,365.5417,485.25,502
Player 15,21/03/2020,0,321.2917,332.25,426.75,423.5
Player 15,24/01/2020,2,282.1,336.7,346,392.5
Player 15,24/01/2020,0,306,342.3125,362,383.5
Player 15,29/11/2019,0,430,427,443,455
Player 15,29/11/2019,6,403,408,416,417
Player 15,29/11/2019,8,434,459,447,478
Player 15,31/01/2020,4,275.4583,294.0417,358.75,371
Player 15,8/11/2019,0,440,427,462,449
Player 16,10/03/2021,4,343.3,372.65,474,514.5
Player 16,10/03/2021,0,350.7,362.65,485.5,508.25
Player 16,10/03/2021,2,367.5,386.55,506.25,536.75
Player 16,10/09/2020,2,319.6429,344,453.25,477.75
Player 16,10/09/2020,4,310.9688,340.9375,471,508
Player 16,11/01/2020,0,217.4167,271.3333,235.5,288
Player 16,11/01/2020,2,176.625,225.25,186.5,249.5
Player 16,11/02/2020,0,333.5,362.3125,374.75,405
Player 16,14/07/2020,2,373.6,384.7,427.5,444
Player 16,14/07/2020,4,309.5,325.4583,400.75,417.25
Player 16,14/07/2020,0,392.3125,427.4375,418.75,444.5
Player 16,15/03/2021,2,345.4643,381.4643,468,539
Player 16,15/03/2021,4,352.35,380.4,475.5,500
Player 16,15/03/2021,0,390.3,387.4,453.5,456
Player 16,15/08/2020,2,348.1667,341.4583,446.5,436.25
Player 16,15/08/2020,0,323.4286,342.8214,430.5,464.75
Player 16,16/06/2020,4,361.5,377.9,415.5,446
Player 16,16/06/2020,0,360.4,388.35,419,470
Player 16,16/06/2020,2,339.0714,363.1786,420,451.75
Player 16,16/09/2020,2,345.9583,348.7083,454.25,442
Player 16,16/09/2020,0,380.25,395.15,463.75,504.75
Player 16,17/01/2020,4,262,314,270.25,348
Player 16,17/01/2020,0,274.875,356.625,282.5,362.75
Player 16,17/01/2020,2,285,322.8125,302.25,339
Player 16,18/02/2020,0,377.6875,381,397.5,420.75
Player 16,2/03/2020,0,311.75,323.7083,393.75,425.5
Player 16,2/03/2021,2,489.4167,484.75,495.25,496
Player 16,2/03/2021,4,330.5,329.1667,483.25,486.75
Player 16,2/03/2021,0,462,480.9167,463.25,492.75
Player 16,22/02/2021,2,368.1,346.75,488,461.75
Player 16,22/02/2021,4,414,396.75,502.5,484.75
Player 16,22/02/2021,0,451.75,463,452.25,494.5
Player 16,22/08/2020,0,354.4,386.35,423.25,466.75
Player 16,22/08/2020,2,291.8214,307.8929,394.25,419
Player 16,23/03/2021,2,499,518.3333,506.5,523.5
Player 16,23/03/2021,4,434.0833,476.5,464.75,498.25
Player 16,23/03/2021,0,414.125,432.6875,528,524.25
Player 16,24/01/2020,0,257.8333,315.9583,315.25,396.25
Player 16,25/01/2021,0,353.65,367.95,411.5,429.75
Player 16,25/01/2021,2,373.375,413.6875,384,424
Player 16,25/01/2021,4,356.1875,405.5,390.25,441.75
Player 16,26/08/2020,2,386.5,416.6,445.5,501.75
Player 16,26/08/2020,4,402.85,410,442.5,477.5
Player 16,26/08/2020,0,390.85,405.15,449,504
Player 16,29/03/2021,4,475.8125,479.4375,508.25,505.25
Player 16,29/03/2021,0,499.6875,455.3,509,536
Player 16,29/03/2021,2,491,487.625,510,520
Player 16,29/05/2020,0,352.65,378.45,407,443.5
Player 16,29/05/2020,2,361.125,409.25,367.5,424
Player 16,29/07/2020,0,340.9167,376.0833,440.25,488.75
Player 16,3/02/2021,0,457.3125,418.9375,483,439.5
Player 16,3/02/2021,2,454.125,456.5,469,476.5
Player 16,3/02/2021,4,457.375,444.125,484.5,461.25
Player 16,3/08/2020,4,377,391.2,433.25,454.75
Player 16,3/08/2020,0,339.9,356.8,401.25,433
Player 16,3/08/2020,2,381.2,389.35,436.75,468
Player 16,30/08/2020,0,441.5625,451.0625,453.75,474.75
Player 16,30/08/2020,2,399.1,421.45,460.5,497
Player 16,31/01/2020,0,278.1875,331.4375,290.5,352
Player 16,31/01/2020,2,245,293.4375,285,316.75
Player 16,5/04/2021,0,354.625,347.5417,521,517.75
Player 16,5/04/2021,2,359.4583,344,516.25,517.5
Player 16,7/02/2020,2,334.3125,376,355.25,423.5
Player 16,7/02/2020,0,333.5,356,374.5,385.25
Player 16,8/02/2021,2,351.65,348.15,481,468
Player 16,8/02/2021,4,328.6667,339.5833,476,500.75
Player 16,8/02/2021,0,348.1,355.6,457.5,496.75
Player 16,8/06/2020,2,326.6786,325.1786,454.5,458.5
Player 16,8/06/2020,4,353.2917,364.1667,463.5,468
Player 16,8/06/2020,0,336.8333,350.5417,425.25,455.5
Player 17,25/01/2021,2,387.625,440.1875,402.75,459.5
Player 17,29/03/2021,0,497.9375,519.6875,507,552.25
Player 17,29/07/2020,2,341.8125,352.9375,398,413.25
Player 17,8/11/2019,2,348,362,365,375
Player 18,10/08/2020,0,383.75,426.5833,414,465
Player 18,10/09/2020,2,446.5625,473.375,461.75,493.5
Player 18,11/01/2020,0,395.75,402.375,421.75,418.75
Player 18,11/02/2020,4,407.25,457.375,429.75,461.5
Player 18,11/02/2020,2,409.875,452.3125,432.75,473.5
Player 18,16/03/2020,0,342.5,365.875,354.5,380.75
Player 18,16/06/2020,0,337.625,349.4375,354.75,360.5
Player 18,16/06/2020,2,346.1875,356.625,366,364.25
Player 18,18/01/2021,0,396.875,390.125,425.5,415.25
Player 18,18/01/2021,2,385.5625,398.0625,409.5,430
Player 18,18/02/2020,4,355.8125,381,379.75,393.25
Player 18,18/02/2020,0,374.4375,397.6875,382,424
Player 18,18/02/2020,2,381.6875,409.875,399.75,434.75
Player 18,18/08/2020,0,407.25,419.25,407.25,419.25
Player 18,2/03/2020,0,344.5625,402.75,378.75,439.75
Player 18,2/09/2020,0,389.3125,418,399,436.75
Player 18,21/07/2020,0,395.0833,437.75,407,458.25
Player 18,21/07/2020,2,399.25,436.4167,401.75,447
Player 18,22/02/2021,0,378.6875,384.3125,396,418
Player 18,22/02/2021,2,386.25,408,406.25,434.25
Player 18,26/08/2020,0,393.875,405.875,414,424.5
Player 18,29/07/2020,2,396.5625,441.25,415,459.75
Player 18,29/07/2020,0,363.25,408.3125,373.5,417
Player 18,29/07/2020,4,391.3125,441.5,409,459
Player 18,3/02/2021,0,409.875,422.0625,426,464.75
Player 18,31/01/2020,2,361.5625,397.4375,389.75,422.5
Player 18,31/01/2020,0,376.5625,397.25,414,436.75
Player 18,4/08/2020,0,397.5625,457.375,407.75,468.5
Player 18,7/02/2020,0,392.375,427.625,402.5,439.5
Player 18,7/12/2020,4,332.6875,395.5625,351,413.25
Player 18,7/12/2020,0,375.25,399.3125,392.75,416.5
Player 18,8/02/2021,2,421.125,408.75,435,419.25
Player 19,11/01/2020,2,275.0625,334.375,291.25,354.75
Player 19,11/02/2020,0,282.4167,327.2917,354.75,405
Player 19,11/09/2020,2,332.3,362.2,386,422.5
Player 19,11/09/2020,4,308.5833,317.25,400.25,397.5
Player 19,14/07/2020,0,316.2857,316.8571,409,440
Player 19,14/07/2020,2,370.55,374.85,415.25,456.75
Player 19,14/07/2020,4,330.6,338.55,370.75,393.5
Player 19,16/03/2020,0,314.7917,338.4583,414,440.25
Player 19,16/09/2020,0,352.9,379.4,402.25,457.25
Player 19,16/09/2020,2,322.35,348.4,386.5,417
Player 19,16/09/2020,4,303.7083,314.125,389.25,382
Player 19,17/01/2020,2,362.375,417.625,381.5,437.5
Player 19,17/01/2020,4,332.7,385.35,380,469
Player 19,18/02/2020,0,263.1429,320.1786,354.25,426.5
Player 19,2/03/2020,0,306.55,342.25,372.25,395
Player 19,2/03/2020,2,308.75,334.2,369.25,396
Player 19,2/09/2020,2,341.35,328.8,423.25,419.25
Player 19,2/09/2020,0,350.15,350.35,406,411.5
Player 19,2/09/2020,4,288.3214,293.1429,396.5,416
Player 19,20/02/2021,0,259.0417,322.25,328,419.25
Player 19,22/11/2019,0,340,388,361,404
Player 19,22/11/2019,4,372,423,378,431
Player 19,22/11/2019,14,379,425,394,436
Player 19,22/11/2019,2,340,388,361,404
Player 19,22/11/2019,8,364,407,387,442
Player 19,22/11/2019,6,372,423,378,431
Player 19,22/11/2019,12,379,425,394,436
Player 19,22/11/2019,10,364,407,387,442
Player 19,24/01/2020,2,312.7,355.75,368.75,416.75
Player 19,24/01/2020,0,293.0833,317.5,365,400.25
Player 19,24/01/2020,4,266.0417,290.0833,345.75,362.5
Player 19,26/08/2020,2,340.1667,327.625,420,420.75
Player 19,26/08/2020,0,306.8929,308.8929,417.75,415.5
Player 19,26/08/2020,4,365.7917,328.125,444.25,432.25
Player 19,29/05/2020,2,305.45,321.3,351.75,372.75
Player 19,29/05/2020,0,315.4,321.75,369.5,380.75
Player 19,29/07/2020,2,280.1786,323.1071,380.25,481.25
Player 19,29/07/2020,6,356.2,361.75,420.5,446.5
Player 19,29/07/2020,4,335.55,378.5,401.5,454.25
Player 19,3/08/2020,0,321.35,305.3,408.5,405
Player 19,3/08/2020,2,331.5625,345.8125,398,415.25
Player 19,31/01/2020,2,274.25,334.2,329.5,395
Player 19,31/01/2020,0,246.6071,288.8571,304.5,357
Player 19,6/12/2019,12,329,383,354,399
Player 19,6/12/2019,8,358,414,369,428
Player 19,6/12/2019,14,329,383,354,399
Player 19,7/09/2020,2,315.7917,320.625,410,405.5
Player 19,7/09/2020,0,294.95,310.4,385,411.75
Player 19,7/12/2020,2,251.5313,322.9375,313.5,419
Player 19,8/01/2020,4,271.9643,300.5714,373.25,414
Player 19,8/01/2020,2,313.2917,345.8333,407.5,427
Player 2,22/11/2019,0,436,436,442,462
Player 2,7/02/2020,2,372.4167,333.1667,379.5,337.25
Player 2,7/02/2020,0,405.25,378.1667,423.5,382.25
Player 20,11/01/2020,0,311.5,335.75,323.5,354.25
Player 20,11/02/2020,2,343.125,318.875,366,335.75
Player 20,15/03/2021,2,260.6429,241.2857,291,270
Player 20,17/01/2020,4,334.8125,330.3125,346.75,338.5
Player 20,18/02/2020,4,315.9375,287.5,341.25,305
Player 20,18/02/2020,6,311.1875,276.125,332,296.75
Player 20,2/03/2020,0,293.9375,244.75,302.5,250.75
Player 20,22/11/2019,4,313,294,396,345
Player 20,22/11/2019,2,337,336,407,405
Player 20,24/01/2020,2,294.4,260.5,308,284
Player 20,24/01/2020,0,346.1875,323.6875,351.5,332.75
Player 20,29/11/2019,4,365,352,376,369
Player 20,29/11/2019,0,396,380,403,387
Player 20,29/11/2019,6,365,352,376,369
Player 20,31/01/2020,2,276.6,247.05,288,266
Player 20,7/02/2020,2,286.9583,264.625,357.75,325.25
Player 20,7/12/2020,0,234.125,208.625,238.5,228.25
Player 20,7/12/2020,4,228.1875,212.75,234.5,227.5
Player 20,8/11/2019,0,286,266,294,279
Player 20,8/11/2019,4,312,299,334,328
Player 20,8/11/2019,10,307,289,330,310
Player 21,10/09/2020,0,463.25,463.1875,472,483.75
Player 21,16/09/2020,0,387.15,421.1,445.25,485
Player 21,18/08/2020,0,337.0625,431.0625,350.75,443.75
Player 21,24/01/2020,0,423.9375,456.5,434.25,460
Player 21,26/08/2020,0,467.875,514.6875,508.75,540
Player 21,26/08/2020,2,462,511.125,477.75,547.25
Player 21,29/05/2020,2,442.0625,411.9375,444,419
Player 21,29/07/2020,2,441.4375,481.0625,451.75,495
Player 21,29/11/2019,0,406,428,418,444
Player 21,7/04/2020,2,423.125,400.625,424.75,419
Player 22,22/11/2019,8,388,324,400,332
Player 22,22/11/2019,4,441,376,455,398
Player 22,22/11/2019,10,388,324,400,332
Player 22,22/11/2019,0,457,372,463,382
Player 22,22/11/2019,6,441,376,455,398
Player 22,22/11/2019,2,457,372,463,382
Player 22,29/11/2019,0,409,342,424,350
Player 22,29/11/2019,2,409,342,424,350
Player 23,10/03/2021,0,281.1875,438.3125,318.75,448.25
Player 23,23/03/2021,0,268.6667,379.5,280.25,403.25
Player 23,24/02/2021,0,222.75,393.125,297,459.25
Player 24,11/01/2020,0,372.4375,393.3125,387.75,410.5
Player 24,11/02/2020,0,351.5625,381.9375,357.25,407.25
Player 24,14/10/2019,2,340,362,369,384
Player 24,14/10/2019,0,340,362,369,384
Player 24,16/06/2020,4,369.1875,359.875,386.75,368.75
Player 24,16/06/2020,2,350.5625,335.5625,363,355.25
Player 24,16/06/2020,0,353.1875,369.25,370.5,378
Player 24,17/01/2020,0,327.375,344.5625,374.25,385.25
Player 24,18/02/2020,2,354.375,424,373.5,432.75
Player 24,22/05/2020,0,359.5625,361.8125,379.75,371.25
Player 24,22/05/2020,2,343.25,348.4375,368.25,370
Player 24,22/11/2019,2,355,406,382,429
Player 24,22/11/2019,0,355,406,382,429
Player 24,22/11/2019,4,269,313,289,334
Player 24,22/11/2019,6,269,313,289,334
Player 24,24/01/2020,0,363.625,386.8125,383,402.25
Player 24,29/05/2020,2,339.125,330.9375,353.5,337
Player 24,29/05/2020,0,302.4375,292.0625,308.75,301.25
Player 24,29/11/2019,0,357,390,370,399
Player 24,29/11/2019,2,357,390,370,399
Player 24,8/06/2020,2,362.4375,359,382,366
Player 24,8/06/2020,0,365.125,346.5625,407.25,396
Player 24,8/11/2019,2,347,351,352,361
Player 24,8/11/2019,0,347,351,352,361
Player 24,8/11/2019,8,350,370,374,390
Player 24,8/11/2019,6,350,359,358,372
Player 24,8/11/2019,4,350,359,358,372
Player 24,8/11/2019,10,350,370,374,390
Player 25,10/03/2021,2,348.9375,353.375,359,395
Player 25,10/03/2021,0,330.8125,352.4375,351,361.25
Player 25,10/03/2021,4,423.625,469.5,423.75,489.5
Player 25,15/03/2021,0,402.875,414,421,442.75
Player 25,15/03/2021,4,419.625,429.5,461,451
Player 25,15/03/2021,2,413.625,438.375,449,451.5
Player 25,15/12/2020,0,396.5625,397,413.25,411.25
Player 25,15/12/2020,4,345.25,353.8125,361.75,361.75
Player 25,15/12/2020,2,395,383.9375,403.25,399.25
Player 25,17/01/2020,2,309.875,328.9375,331.75,355.75
Player 25,17/01/2020,0,335.5,364.625,388,371.75
Player 25,17/01/2020,4,320.9375,348.8125,336.75,365.5
Player 25,18/01/2021,0,297.55,316.55,349,376
Player 25,2/03/2020,0,340,356.375,351.75,369.75
Player 25,20/02/2021,2,353.375,388.25,393,431.25
Player 25,22/02/2021,0,406.75,435.8333,411,449.75
Player 25,22/11/2019,2,385,371,398,407
Player 25,22/11/2019,8,357,334,378,361
Player 25,23/03/2021,0,404.55,443.9,474.75,538.75
Player 25,24/01/2020,0,302.3125,329.0625,328,344.5
Player 25,25/01/2021,2,347.3125,371,372.5,397.75
Player 25,29/03/2021,0,431.1875,442.125,445.25,464.25
Player 25,3/02/2021,2,343.8,380.15,413.25,474.25
Player 25,31/01/2020,2,297.75,324.8125,334.5,361.5
Player 25,5/04/2021,2,425.0625,440.875,433,462
Player 25,5/04/2021,4,424.8125,424,434.75,451.75
Player 25,6/12/2019,6,371,339,393,366
Player 25,6/12/2019,10,355,313,380,336
Player 25,6/12/2019,8,355,313,380,336
Player 25,7/09/2020,6,339.25,362.25,348,390
Player 25,7/09/2020,4,309,335.8125,327.25,343.25
Player 25,7/09/2020,2,279.125,306.9375,297,332
Player 25,7/12/2020,2,371,360.5625,391.25,375
Player 25,7/12/2020,4,380.0625,375.375,389.5,391.75
Player 25,8/02/2021,0,401.125,414.5,413,440
Player 25,8/02/2021,4,380.625,406.125,397.25,416
Player 25,8/02/2021,2,367.9375,393.75,371.75,401.75
Player 25,8/11/2019,2,393,400,416,415
Player 25,8/11/2019,6,395,364,430,384
Player 25,8/11/2019,4,395,364,430,384
Player 26,11/02/2020,4,341.05,357.75,403,419.5
Player 26,11/02/2020,2,401.6875,414.625,412,443.75
Player 26,12/04/2021,0,425.5625,454.25,431.5,468
Player 26,14/07/2020,2,429.6875,413.4375,438.25,429.25
Player 26,16/03/2020,2,440.625,409.9375,450.75,434
Player 26,16/03/2020,0,429.375,397.6875,438.75,419.75
Player 26,16/06/2020,4,412.375,422.5625,420.25,433.25
Player 26,16/06/2020,0,427.375,404.875,430,416
Player 26,17/01/2020,0,396.4375,398.9375,404.75,418
Player 26,18/01/2021,0,384.25,418.25,391.75,434.5
Player 26,18/02/2020,0,405.75,430.0625,417,445.75
Player 26,19/08/2020,0,463.5833,466.5,486.25,479.25
Player 26,2/03/2020,2,377.25,420.6875,388,433.25
Player 26,2/03/2020,0,383.875,418.8125,399.5,422.25
Player 26,21/03/2020,0,424.4643,427.8929,442.25,449.5
Player 26,21/07/2020,0,465.5,426.125,477.75,452
Player 26,22/02/2021,0,424.75,478.375,435.5,491.75
Player 26,22/02/2021,2,430.8125,461.3125,436.25,481.5
Player 26,26/08/2020,0,460.25,465.0833,467.75,488.25
Player 26,26/08/2020,2,422.3333,482.8333,457,500.25
Player 26,29/07/2020,2,434.1667,446,436.25,453
Player 26,29/11/2019,0,389,418,412,436
Player 26,29/11/2019,6,364,389,385,399
Player 26,29/11/2019,4,364,389,385,399
Player 26,29/11/2019,10,353,370,364,384
Player 26,3/02/2021,2,424.25,421.0625,431.5,433.75
Player 26,8/01/2020,2,355.3125,406.625,378.75,442.25
Player 26,8/01/2020,4,371.0625,408.25,386.75,436.75
Player 26,8/07/2020,0,409.3125,414.5,418,445
Player 26,8/07/2020,2,412.1875,427.3125,422,445.5
Player 27,17/01/2020,2,235.8125,328.9375,266,378
Player 27,18/02/2020,0,250.8333,326.0833,262.5,350
Player 27,24/01/2020,0,190.5357,238.8571,215.75,315.5
Player 28,10/03/2021,2,495.3333,424.8333,522.75,431.75
Player 28,10/03/2021,4,486.3333,407.25,503.5,435.25
Player 28,11/01/2020,2,317.5625,292.9375,327.75,322.5
Player 28,11/01/2020,4,284.8125,256.9375,338,300.75
Player 28,11/02/2020,0,407.1875,376.125,434.75,401.75
Player 28,11/09/2020,2,398,354.1667,422.25,370
Player 28,14/07/2020,0,394.4375,368.4375,414.75,379.75
Player 28,14/07/2020,2,404.1875,358.875,419.25,379.25
Player 28,14/08/2020,4,304.125,288.5,373.5,350.25
Player 28,14/08/2020,0,394.3333,371.9167,415.5,393.5
Player 28,15/03/2021,2,510.75,417.3333,520,429.25
Player 28,15/03/2021,0,514.25,414.75,531,431.5
Player 28,15/12/2020,2,376.85,317.25,423.75,381
Player 28,15/12/2020,0,353.8333,284.2917,454.25,376
Player 28,16/06/2020,4,405.9375,316.125,410.25,330.25
Player 28,16/06/2020,2,400.5625,331.4375,417.25,344.75
Player 28,16/09/2020,2,412.6875,385.625,430.5,402.75
Player 28,16/09/2020,0,433.25,374.875,453.25,395.5
Player 28,17/01/2020,4,377.75,337.0625,406.5,353.5
Player 28,17/01/2020,2,407.875,372.6875,418.5,387.75
Player 28,18/01/2021,0,463.375,378.4375,475,408.5
Player 28,2/03/2020,0,364.625,379.4375,376.25,388.5
Player 28,2/03/2021,4,479.25,403.625,510.5,419.5
Player 28,2/09/2020,2,428.6667,388.9167,444.25,400.25
Player 28,2/09/2020,4,277.3125,292.4375,287.25,309.25
Player 28,20/02/2021,2,469.625,399.4375,478,420
Player 28,20/02/2021,0,488.8125,412.625,522,423.25
Player 28,21/07/2020,2,350.7,290.8,422,349.25
Player 28,22/02/2021,0,473.0833,389.4167,487,403.5
Player 28,22/02/2021,4,447.5,347.3333,472.75,357
Player 28,22/11/2019,2,371,359,384,367
Player 28,22/11/2019,0,371,359,384,367
Player 28,23/03/2021,0,489.25,412.75,513.25,427.25
Player 28,24/01/2020,0,392.6875,380.0625,404.75,397
Player 28,24/01/2020,6,355.4375,324,371.25,349.25
Player 28,24/01/2020,4,371.125,352.8125,384.5,362
Player 28,25/01/2021,0,326,276.35,471.25,364.75
Player 28,25/01/2021,2,397.0833,359.25,439,366
Player 28,26/08/2020,0,371.875,307.9375,446.75,365.5
Player 28,26/08/2020,4,389.375,364.0625,440.5,376
Player 28,29/03/2021,0,507.5625,403.125,524.75,415.75
Player 28,29/05/2020,0,419.25,344.75,447.75,368
Player 28,29/07/2020,0,364.65,310.65,421.25,376
Player 28,29/07/2020,2,349.1,298.05,422.75,352.25
Player 28,29/11/2019,2,382,363,394,373
Player 28,29/11/2019,4,376,348,392,360
Player 28,29/11/2019,10,332,336,362,355
Player 28,31/01/2020,0,406.1875,359.6875,410.5,382
Player 28,4/08/2020,2,395.4375,359.3125,406,372.5
Player 28,4/08/2020,4,412.6875,361.375,420.5,373.25
Player 28,5/04/2021,2,505,416.3125,534.5,424
Player 28,6/12/2019,0,402,380,407,405
Player 28,6/12/2019,6,389,354,399,374
Player 28,6/12/2019,8,327,303,365,332
Player 28,7/09/2020,2,414.5,356.5,426.5,371.25
Player 28,7/12/2020,2,357.5,308,375.5,316.5
Player 28,7/12/2020,4,415.25,378.8125,436.5,398.75
Player 28,8/02/2021,0,441.75,361.6875,464.5,370.75
Player 28,8/02/2021,2,458.375,394.4375,497.25,413.5
Player 28,8/06/2020,4,395.3125,390.4375,409,402.25
Player 28,8/06/2020,0,393.75,307.9375,409.25,332
Player 29,13/01/2020,0,398.0625,416.375,406.25,432
Player 29,13/01/2020,2,416.5,462.0625,437,482
Player 29,15/03/2021,2,490.0833,514.8333,493,533.75
Player 29,15/03/2021,0,499.4167,544.3333,507.25,561.75
Player 29,20/01/2020,2,439.625,488.4375,451,503
Player 29,20/02/2021,2,473.75,490.9167,494.75,508
Player 29,20/02/2021,0,487.5833,487.75,502.25,502.25
Player 29,22/01/2021,2,436.9167,474.25,444.75,481
Player 29,22/01/2021,0,439.6667,494.75,447.75,511.5
Player 29,27/01/2020,0,437.3,470.4,447.5,486
Player 29,5/01/2020,2,392.5,426.0625,426.25,433.75
Player 3,2/03/2021,0,464.5,422.0625,493.75,463.25
Player 30,10/08/2020,4,323.9,389.7,377.5,445.75
Player 30,10/08/2020,0,354.0625,404.1875,363.75,417.5
Player 30,10/09/2020,2,311.75,329.125,381,404.5
Player 30,16/06/2020,4,399.0625,384.4375,408.5,398.25
Player 30,16/06/2020,0,368.125,409.875,388.75,427.5
Player 30,17/01/2020,0,343.6,365.65,405,423.25
Player 30,18/08/2020,2,299.625,392.8125,317.75,417
Player 30,2/03/2020,0,302.7083,338.2083,379.25,436.75
Player 30,22/11/2019,2,363,405,391,415
Player 30,24/01/2020,0,357.75,409.4375,383,420.25
Player 30,26/08/2020,2,300.8214,329.1071,412,463
Player 30,26/08/2020,0,378.5625,427.3125,400.25,439.75
Player 30,29/05/2020,2,387.75,381.6875,404,395.25
Player 30,29/07/2020,4,345.4583,370.875,441.5,444.25
Player 30,29/07/2020,2,301.2857,327.25,424,455.5
Player 30,29/11/2019,0,400,410,412,423
Player 30,8/06/2020,0,299.875,306.25,373.5,375.25
Player 30,8/06/2020,2,334.4,342.35,392.25,395
Player 31,11/01/2020,0,405,401,427.75,418.5
Player 31,11/02/2020,0,382.75,371.3125,404,383.5
Player 31,16/03/2020,0,391.4375,378,403.25,389.5
Player 31,18/02/2020,0,408,415.3125,443,450
Player 31,2/03/2020,0,414.1875,406.625,421.25,414.5
Player 31,22/05/2020,0,332.55,351.7,382,419
Player 31,22/11/2019,2,370,403,405,437
Player 31,29/11/2019,0,377,395,403,401
Player 31,29/11/2019,2,377,395,403,401
Player 31,7/02/2020,0,416.0625,413.8125,444.5,443.25
Player 32,10/03/2021,2,352.75,478.25,407.5,494
Player 32,10/03/2021,4,373.5,487.25,420.25,499.5
Player 32,10/03/2021,0,421.25,452.0625,445.5,476
Player 32,11/01/2020,0,264.1071,218.1786,323.5,299.75
Player 32,11/02/2020,0,298.8,218.25,366,288.5
Player 32,15/03/2021,0,398.375,478.125,417.75,511.5
Player 32,15/03/2021,2,340.5,448.8333,362.25,485.5
Player 32,15/03/2021,4,434.4167,520.1667,464,527.5
Player 32,15/12/2020,4,322.6,326.7,371.25,388.25
Player 32,15/12/2020,0,341.1667,338.4583,459.75,461.5
Player 32,15/12/2020,2,308.4583,314.4583,410.5,398.5
Player 32,16/03/2020,0,246.9583,259.1667,301.25,336
Player 32,16/06/2020,2,364.75,360.6875,377.75,373
Player 32,16/06/2020,4,365.0625,334.125,387.25,354
Player 32,16/06/2020,0,355.1875,369.5625,390,404.5
Player 32,17/01/2020,0,248.05,206.1,296.5,230
Player 32,18/01/2021,2,360.3125,389.875,382.5,419.5
Player 32,18/01/2021,0,352.25,444.625,380.75,477.75
Player 32,18/02/2020,2,199.2857,220.1071,234.75,284.75
Player 32,18/02/2020,0,232.25,211.375,260.5,226.75
Player 32,2/02/2021,0,302.7,332.95,393.75,411
Player 32,2/02/2021,4,353.4375,413,373,437.25
Player 32,2/03/2020,0,246.625,241.4583,301.75,300.75
Player 32,2/03/2021,2,351.3333,429.4167,373,456
Player 32,2/03/2021,4,291.1875,345.5,350,416
Player 32,20/02/2021,2,288.15,315.9,384,410.25
Player 32,20/02/2021,0,364.4375,366.9375,489.25,464.75
Player 32,21/07/2020,2,340.4375,358.6875,409.75,445.75
Player 32,21/07/2020,0,401.3333,411.9167,402.5,430.5
Player 32,22/02/2021,0,390.75,437.5833,404.75,451.5
Player 32,22/02/2021,4,315.25,325.5,448,462
Player 32,22/02/2021,2,328.625,358.1875,399.5,434.75
Player 32,22/11/2019,0,403,372,406,385
Player 32,23/03/2021,0,450.5833,518.8333,511.25,555.5
Player 32,23/03/2021,4,323.25,417.5625,431.5,523.25
Player 32,23/03/2021,2,391.5,417.375,487.25,517.5
Player 32,24/01/2020,0,280.8438,234.4375,371.5,292.75
Player 32,25/01/2021,2,344.9,382.8,427.25,440
Player 32,25/01/2021,4,359.5625,409.8125,377,435.75
Player 32,25/01/2021,0,367.75,435.0625,386.75,448.25
Player 32,29/03/2021,0,329.2,354.25,454.25,477.25
Player 32,29/05/2020,0,241.9375,229.6875,274.75,296
Player 32,29/11/2019,0,312,331,330,351
Player 32,31/01/2020,0,265.2917,174.7083,314.25,202
Player 32,4/08/2020,0,304.1071,301.1071,437,390.25
Player 32,4/08/2020,2,462.5,417.0625,500,440
Player 32,7/12/2020,0,372.0625,376.25,375.5,395.75
Player 32,7/12/2020,2,310.55,320.05,372.5,366.75
Player 32,8/02/2021,0,315.5625,361.125,382.25,451.75
Player 32,8/02/2021,2,389.5625,423.4375,418.25,434.25
Player 32,8/02/2021,4,318.3,372.1,408.5,432.75
Player 32,8/06/2020,4,342.75,280.75,377.75,309
Player 32,8/06/2020,2,321.6875,308.125,353.5,336.25
Player 33,12/03/2021,0,274.5357,240.3571,322.5,294.5
Player 33,29/01/2021,2,245.875,234,289.5,282
Player 34,11/02/2020,2,391.5,391.65,481.5,458.25
Player 34,18/02/2020,2,494.0625,533.25,511.75,554
Player 34,2/03/2020,0,427.7,431.95,508.75,508.5
Player 34,22/05/2020,0,358.875,389.9167,447,465.5
Player 34,24/01/2020,0,419.1667,403.875,512.5,482.5
Player 34,29/05/2020,0,439.125,425.125,455.5,447.25
Player 34,29/11/2019,2,462,472,484,489
Player 34,29/11/2019,0,462,472,484,489
Player 34,31/01/2020,0,372.9583,363.7083,476,457
Player 35,11/02/2020,0,381.65,387.9,452.25,453.75
Player 35,11/09/2020,4,378,348.55,472.75,474.5
Player 35,11/09/2020,2,438.25,425.5625,553.25,534.5
Player 35,14/07/2020,2,352.05,354.8,427.5,464.25
Player 35,14/07/2020,0,465.125,435.9375,545.5,547
Player 35,15/12/2020,2,342.7857,352.3929,447.25,477.25
Player 35,18/02/2020,4,372.375,378.1667,463.25,481.25
Player 35,18/03/2021,2,471.5833,481.9167,491.5,489.75
Player 35,2/03/2020,2,425.875,393.5417,536,519.75
Player 35,2/03/2020,0,321.4688,321,476,525
Player 35,2/03/2021,4,371.875,378.25,485.75,493.5
Player 35,2/09/2020,4,379.75,351.45,484,483
Player 35,22/11/2019,2,383,404,426,448
Player 35,24/01/2020,0,346.875,329.7917,513.5,436
Player 35,25/01/2021,4,439.1875,419.875,473.25,445.5
Player 35,26/08/2020,0,414.75,393.0625,460.5,438.75
Player 35,29/05/2020,2,344.2813,343,495.25,507.5
Player 35,29/07/2020,4,485.125,445.4375,511.75,476.5
Player 35,31/01/2020,4,386.125,394.0625,403.75,430.25
Player 35,31/01/2020,2,372.4375,364.875,379,386
Player 35,7/04/2021,6,367.0714,385.6429,535.75,548
Player 35,7/09/2020,0,421,437.8125,514.5,564
Player 35,7/09/2020,2,345.6667,321.0417,479.5,504.75
Player 35,7/12/2020,4,344.1429,362.4286,525.5,516.25
Player 35,7/12/2020,2,363.1071,396.25,571.75,562.5
Player 35,8/02/2021,2,404.4,388.7,479.25,479.5
Player 35,8/02/2021,0,431.5,430.75,445.5,457.75
Player 35,8/06/2020,6,361.1667,348.9167,458,446.5
Player 35,8/06/2020,4,311.3929,342.6786,459.75,485.25
Player 35,8/07/2020,0,499.5,446.4167,524.5,466
Player 35,8/07/2020,2,395.1,349.85,539.25,495.75
Player 35,8/11/2019,2,331,318,414,413
Player 36,10/03/2021,0,567.25,540.4167,629.25,587
Player 36,10/03/2021,4,349.0278,291.5278,563.75,474.5
Player 36,10/03/2021,2,550.6,478.2,658.5,574.25
Player 36,10/08/2020,0,354.8,306.35,504.25,444.5
Player 36,11/01/2020,0,477.65,376.75,549.75,438.25
Player 36,11/09/2020,0,485.875,445.5625,599,591.25
Player 36,12/04/2021,4,578.4375,519.9375,593.75,533.75
Player 36,12/04/2021,2,579.8125,514.25,618.75,571
Player 36,14/07/2020,0,474.625,436.5625,488.75,455
Player 36,15/03/2021,4,470.375,424.0417,611.25,598
Player 36,15/03/2021,0,421.1429,327.7857,598.25,501
Player 36,15/03/2021,2,419.2813,376.4063,630.25,579.75
Player 36,16/06/2020,0,358.9688,326.8438,549.25,504.5
Player 36,18/01/2021,2,425.3,383.9,490.25,489.5
Player 36,18/01/2021,4,416.375,427.875,473.75,468.5
Player 36,18/01/2021,0,489.4375,437.0625,512.75,485.5
Player 36,18/02/2020,0,484.6875,422.25,577.75,535
Player 36,2/03/2020,0,453.875,441.0625,559.25,575.5
Player 36,2/03/2021,0,468.7,392.85,615.75,558.5
Player 36,20/02/2021,0,601.75,585.875,621,600.25
Player 36,20/02/2021,2,601.1875,539.8125,629,583
Player 36,21/07/2020,0,500.75,477.4167,510.25,496
Player 36,22/02/2021,2,1397.05,381.6,3781.75,562.5
Player 36,22/02/2021,0,598.0625,572.25,614,607
Player 36,22/11/2019,0,561,526,599,556
Player 36,22/11/2019,2,561,526,599,556
Player 36,23/03/2021,2,399.0938,349.5625,568.5,545.75
Player 36,23/03/2021,0,381.2857,327.8214,548.25,461
Player 36,26/08/2020,0,402.65,330.2,461.75,389.25
Player 36,29/03/2021,0,556.875,495.1875,585.5,506.75
Player 36,29/03/2021,2,428.375,357.9375,447.75,370
Player 36,29/07/2020,2,396.35,326.55,533,445.75
Player 36,29/07/2020,4,376.35,331.65,523.25,465.5
Player 36,29/11/2019,0,546,489,577,536
Player 36,31/01/2020,2,519.9167,453.6667,541.25,464.5
Player 36,31/01/2020,4,482.6667,386.8333,484.5,442
Player 36,4/08/2020,2,532.0833,548.4167,541,565.25
Player 36,8/02/2021,2,369.85,384.55,493.5,471.5
Player 36,8/02/2021,0,420.2083,400.375,552,552.5
Player 37,10/03/2021,0,477.15,524.65,588,626.25
Player 37,10/03/2021,2,369.5,404.6429,499,543.5
Player 37,15/12/2020,0,540.3333,553.8333,557.25,578.75
Player 37,18/01/2021,0,562.375,658.75,578,686.75
Player 37,2/03/2021,0,417.7917,413.625,553,545
Player 37,20/02/2021,0,379.9,401.95,520.25,566
Player 37,22/02/2021,0,368,362.0938,548,569
Player 37,3/02/2021,0,485.25,484.05,569.5,583.75
Player 37,7/12/2020,0,529.5,514.9167,535,535.75
Player 37,8/02/2021,0,526.3125,518.375,551.25,548.75
Player 38,10/03/2021,0,492.125,477.0625,498.25,522.25
Player 38,10/03/2021,4,447.625,426.6875,480.25,450.25
Player 38,10/03/2021,2,480.6875,462.6875,488.25,497.25
Player 38,10/08/2020,0,378.5625,393.125,461.75,533.5
Player 38,10/08/2020,4,474.8333,524.5,487.25,545.25
Player 38,10/08/2020,2,440.5,483.9167,481,558.5
Player 38,11/01/2020,0,275.25,307.8214,367.75,413
Player 38,11/01/2020,2,262.875,283.7083,356.75,376.75
Player 38,11/02/2020,0,435.375,443.9375,444,457.75
Player 38,11/02/2020,2,437.5,438.1875,448,444.5
Player 38,15/03/2021,4,437.45,432.1,501.75,518.75
Player 38,15/03/2021,2,421.0625,422.75,453.25,459.25
Player 38,15/03/2021,0,470,469.5625,478.5,478
Player 38,15/12/2020,2,397.95,362.1,459.75,443.25
Player 38,15/12/2020,0,393.8,411.55,489.25,522.25
Player 38,16/03/2020,0,377.5,386.7,451,456.25
Player 38,17/01/2020,0,452.5,429.5,510.75,461.25
Player 38,18/01/2021,0,420.875,435.9375,457,452
Player 38,18/02/2020,0,423.5625,390.625,440.25,436
Player 38,2/03/2020,0,454,489.8125,465,507.75
Player 38,2/03/2020,2,459.8125,496.375,476.75,516
Player 38,2/03/2020,4,469.625,483.875,484,492
Player 38,22/02/2021,0,354.6875,362.875,443,449.25
Player 38,22/02/2021,2,313.4,318.55,412.75,382.25
Player 38,22/02/2021,4,390.0625,396.4375,421,440.25
Player 38,24/01/2020,2,362.625,341.0625,384.25,376
Player 38,24/01/2020,0,364.5,330.9375,386.25,411.25
Player 38,24/01/2020,4,308.25,309.35,357,369
Player 38,25/01/2021,2,349.6875,341.375,377.25,348.5
Player 38,25/01/2021,0,375.6,345.25,432.25,427
Player 38,29/07/2020,2,467.1667,500.0833,486.75,547.25
Player 38,29/07/2020,0,443.5625,494.4375,472.75,518
Player 38,31/01/2020,2,313.05,282.8,363,351.5
Player 38,31/01/2020,4,291.1667,260.75,353.5,341.75
Player 38,31/01/2020,0,361.0625,317.125,369.25,338
Player 38,7/02/2020,0,414.75,395.8125,435.5,407
Player 38,7/12/2020,0,327.3333,283.7083,435.25,387
Player 38,7/12/2020,2,397.5625,368.5625,418,399.25
Player 38,7/12/2020,4,366.4167,366,421.5,408.25
Player 38,8/02/2021,0,364.6875,342.5625,380,365.5
Player 39,22/11/2019,8,359,311,410,356
Player 39,22/11/2019,14,362,273,394,329
Player 39,29/11/2019,4,395,378,399,390
Player 39,6/12/2019,0,392,414,400,426
Player 4,14/10/2019,2,363,450,376,469
Player 4,14/10/2019,0,363,450,376,469
Player 4,16/06/2020,0,465.9375,422.3125,497.5,436
Player 4,22/11/2019,2,343,390,441,476
Player 4,22/11/2019,6,375,438,434,497
Player 4,22/11/2019,0,343,390,441,476
Player 4,22/11/2019,4,375,438,434,497
Player 4,5/02/2020,4,368.5,476.9167,386.75,502.75
Player 4,5/02/2020,2,386.5833,462.9167,409.75,469.5
Player 40,29/11/2019,0,235,241,292,292
Player 40,29/11/2019,2,235,241,292,292
Player 40,6/12/2019,0,313,311,351,356
Player 41,10/03/2021,0,439.6875,452.125,478.5,480.5
Player 41,10/03/2021,4,354.85,370.7,424.75,410
Player 41,11/01/2020,0,350.625,446,363.25,462.75
Player 41,12/04/2021,2,378.75,419.75,409,452.75
Player 41,12/04/2021,0,404.625,444.4375,456,466.5
Player 41,14/07/2020,4,361.6875,402,382.5,424.25
Player 41,14/07/2020,2,319.5,365.6875,329.25,387.25
Player 41,14/08/2020,2,273.6667,349.5,288.75,369.75
Player 41,14/08/2020,0,225.25,230.25,235.25,246.25
Player 41,15/03/2021,4,464.0625,474.75,499.25,501.5
Player 41,16/03/2020,2,414.25,445.75,433.75,479.25
Player 41,16/03/2020,0,441.6875,470.125,469.5,510.5
Player 41,16/06/2020,0,257.375,278.6667,313.5,327
Player 41,16/06/2020,6,418.5,493.125,453.25,524
Player 41,16/06/2020,8,378.4375,446.1875,419.25,477.75
Player 41,17/01/2020,0,349.1875,387.375,354.5,393.5
Player 41,18/01/2021,2,383.1875,428.8125,399,448
Player 41,18/01/2021,4,379.25,375.6875,393.25,390.25
Player 41,18/02/2020,0,392.0625,444.125,404.5,463.75
Player 41,2/09/2020,0,243.3,254.25,256.75,288.75
Player 41,20/02/2021,0,381.0625,376.1875,393.75,397
Player 41,21/07/2020,0,229.9,236.7,244.75,252.5
Player 41,21/07/2020,2,346.25,384.1667,375.75,413.5
Player 41,22/05/2020,2,387.875,473,403.75,497.75
Player 41,22/05/2020,4,384.5625,430.5,398,444.75
Player 41,22/11/2019,4,318,432,331,459
Player 41,22/11/2019,6,318,432,331,459
Player 41,23/03/2021,2,422.75,445.5,466.5,510
Player 41,23/03/2021,4,419.875,446.125,436.5,462
Player 41,24/01/2020,2,364.0625,413.4375,375.5,456.75
Player 41,24/01/2020,4,353.6875,419.875,370.75,430.5
Player 41,24/02/2021,0,390.3125,342.75,437.25,378.5
Player 41,24/02/2021,2,412.5625,357.8125,431.5,369.25
Player 41,25/01/2021,4,375.625,402.875,401.75,441
Player 41,25/01/2021,0,416,445.8125,469.75,491
Player 41,26/08/2020,2,329.3125,441.375,346.5,489.25
Player 41,29/03/2021,4,423,440.5,458.5,497
Player 41,29/03/2021,2,435.3125,436.0625,442,465.25
Player 41,29/05/2020,6,237.3125,347.875,242.25,398.5
Player 41,29/05/2020,4,339,433.8125,360,495.75
Player 41,29/07/2020,4,327.25,316.4375,340.75,331.75
Player 41,29/07/2020,0,258.2,243.7,279.75,262.5
Player 41,29/11/2019,8,321,436,326,456
Player 41,29/11/2019,14,349,456,378,491
Player 41,29/11/2019,0,316,416,334,466
Player 41,29/11/2019,6,318,414,334,430
Player 41,29/11/2019,2,316,416,334,466
Player 41,29/11/2019,12,349,456,378,491
Player 41,31/01/2020,6,343,376.75,380.25,412.75
Player 41,31/01/2020,0,322.75,397.6875,331,416.25
Player 41,4/08/2020,4,335.8333,401.6667,366.75,409
Player 41,7/02/2020,2,354.4375,405.1875,370,411.5
Player 41,7/02/2020,0,350.5625,396.5,377,419.75
Player 41,8/06/2020,8,378.4375,434.625,388,448.75
Player 41,8/06/2020,6,369.1875,432.3125,392,444.25
Player 41,8/07/2020,4,357.25,362.3333,376.5,370.5
Player 41,8/07/2020,2,353.5,368.6667,376.75,404
Player 41,8/08/2020,2,400,441.0625,408.25,493
Player 42,11/12/2020,0,401.3333,413.0833,421.5,424
Player 43,8/01/2020,0,438.375,488.875,445.75,503
Player 44,10/08/2020,2,408.5,462.6667,418,474
Player 44,10/09/2020,2,278.75,300.375,388.5,420
Player 44,10/09/2020,0,400.3333,438,429.75,512.25
Player 44,16/06/2020,2,345.9375,419.375,357.5,432.75
Player 44,16/06/2020,4,331.9167,411.0833,339.5,434
Player 44,18/08/2020,0,314.75,412.8333,329.25,433.75
Player 44,18/08/2020,2,290.1667,391.5833,317.75,400.75
Player 44,22/11/2019,8,404,458,431,462
Player 44,22/11/2019,14,368,424,391,445
Player 44,22/11/2019,12,368,424,391,445
Player 44,22/11/2019,0,426,475,452,509
Player 44,22/11/2019,6,407,457,453,468
Player 44,22/11/2019,2,426,475,452,509
Player 44,29/05/2020,2,382.5,438.3333,394.75,445.25
Player 44,29/05/2020,0,385.0833,437.5833,397.75,448
Player 44,29/07/2020,0,348.75,433,361.25,451.75
Player 44,29/11/2019,4,420,484,449,511
Player 44,29/11/2019,2,397,471,409,480
Player 44,29/11/2019,8,372,424,412,451
Player 44,29/11/2019,10,372,424,412,451
Player 44,4/08/2020,0,402.4167,455.5,427.75,462.5
Player 44,4/08/2020,2,406.75,435.5833,448,469.75
Player 44,6/12/2019,0,419,475,433,492
Player 44,6/12/2019,4,400,466,422,473
Player 44,6/12/2019,14,358,463,377,485
Player 44,6/12/2019,6,400,466,422,473
Player 44,6/12/2019,12,358,463,377,485
Player 44,8/01/2020,0,350.45,440.3,408.25,531
Player 44,8/01/2020,2,403.5833,482.75,416.75,484.5
Player 44,8/06/2020,4,379.9167,434.9167,391.5,471.5
Player 45,10/02/2021,0,425,416.625,440.5,448.75
Player 45,10/09/2020,2,483.4167,502.8333,504.25,531.25
Player 45,10/09/2020,0,373.5625,376.875,450.25,455.5
Player 45,11/01/2020,0,411.5,432.9375,428.25,454
Player 45,11/01/2020,4,354.0625,378.5,370.75,391.75
Player 45,11/01/2020,2,371.625,416.875,389.5,433.5
Player 45,11/02/2020,2,399.6875,425.625,421.5,438.5
Player 45,11/02/2020,0,371.3,367.6,426.5,446
Player 45,11/02/2020,4,415.25,440.2,491.5,515.75
Player 45,12/03/2021,0,372.6667,459.4167,423,510.25
Player 45,12/03/2021,2,407.75,479.1667,440.5,480.25
Player 45,14/08/2020,0,429.9167,393.5,449.75,425.5
Player 45,14/08/2020,2,406.8333,385.0833,413.5,432.75
Player 45,16/03/2020,0,396.95,403.6,462.75,484.75
Player 45,16/03/2020,2,389.95,417.65,451.25,495.25
Player 45,16/06/2020,2,444.1875,490.0625,475,519.25
Player 45,16/06/2020,4,445.875,469.8125,470,481.25
Player 45,16/06/2020,0,445.5,439.6875,455.75,461.25
Player 45,17/01/2020,2,371.125,409.5,379.5,416.5
Player 45,17/01/2020,0,411.9375,433.8125,427.25,443.5
Player 45,17/01/2020,4,353.125,387.0625,360.75,397.25
Player 45,18/01/2021,2,379.75,404.9167,410.75,438.5
Player 45,18/01/2021,0,305.4375,332.4375,376.5,398.5
Player 45,18/02/2020,2,321.9167,352.6667,405.75,468.75
Player 45,18/02/2020,0,428,444.6875,446.25,464.25
Player 45,18/02/2020,4,297,321.2857,379.75,442.25
Player 45,2/02/2021,2,360.25,377.7,425.75,437.25
Player 45,2/02/2021,4,357.45,371.3,427,467.5
Player 45,2/02/2021,0,404.3125,384,423,407.5
Player 45,2/03/2020,0,348.625,418.4583,413.25,476.75
Player 45,2/04/2020,2,427.3333,447.5,456.25,464.75
Player 45,2/04/2020,0,425.5,427.0833,441.25,438.25
Player 45,2/04/2020,4,443.5833,442.5833,468.75,451.5
Player 45,20/02/2021,4,429.25,438.9167,443,448.25
Player 45,20/02/2021,0,486.8333,493.5,502,512.25
Player 45,20/02/2021,2,446.9167,426.25,447.5,449.5
Player 45,21/07/2020,2,441.0833,470.75,445.75,488.75
Player 45,21/07/2020,0,455,468.25,465,476
Player 45,22/11/2019,0,415,439,445,473
Player 45,22/11/2019,6,358,363,407,432
Player 45,22/11/2019,2,415,439,445,473
Player 45,22/11/2019,4,358,363,407,432
Player 45,22/11/2019,10,319,309,405,433
Player 45,22/11/2019,8,319,309,405,433
Player 45,24/01/2020,4,356.9375,380.3125,376.75,394.25
Player 45,24/01/2020,2,333.0625,341.9375,364.5,380.25
Player 45,24/01/2020,0,399.0625,399.5625,409.5,423.75
Player 45,24/02/2021,2,453.4167,430,459.75,438
Player 45,24/02/2021,0,411.1667,426.5,425,434
Player 45,24/02/2021,4,431.25,456.75,453.5,467
Player 45,27/06/2020,4,476,499.3333,483.75,500.5
Player 45,27/06/2020,0,443.6667,479.25,464,505.5
Player 45,27/06/2020,2,468.75,507.8333,488.75,532
Player 45,29/05/2020,0,431.3125,462.5625,442.5,473
Player 45,29/05/2020,2,343.25,335.9583,447.25,445.25
Player 45,29/07/2020,4,423.3333,418.5833,450.75,422
Player 45,29/07/2020,0,460.3333,447.75,470.5,466.75
Player 45,29/07/2020,2,450.0833,449.0833,464.25,461.75
Player 45,29/11/2019,8,397,420,445,468
Player 45,29/11/2019,2,379,408,397,425
Player 45,29/11/2019,10,397,420,445,468
Player 45,29/11/2019,0,379,408,397,425
Player 45,29/11/2019,6,366,389,382,406
Player 45,29/11/2019,4,366,389,382,406
Player 45,3/08/2020,2,466.9167,483.4167,483.5,498.25
Player 45,3/08/2020,4,364.5,370.8125,444.75,456
Player 45,3/08/2020,0,452.0833,485.9167,456.5,500.75
Player 45,31/01/2020,0,339.5625,361.4375,347.75,374.75
Player 45,31/01/2020,4,339.1875,372.5625,359.5,398.25
Player 45,7/02/2020,2,303.4286,302.2143,399.75,395
Player 45,7/02/2020,0,318.0714,319.6429,402.75,440.25
Player 45,7/02/2020,4,297,305.4286,374,429
Player 45,7/04/2020,0,424.25,393.0625,439,428.5
Player 45,7/04/2020,4,403.5,412,437.5,444.25
Player 45,7/04/2020,2,393.1875,386.375,417.75,411.5
Player 45,7/09/2020,2,382.5833,402.1667,392,434.25
Player 45,7/09/2020,0,401.8333,440.9167,426.75,460
Player 45,7/09/2020,4,366.4167,411.9167,369,423.75
Player 45,8/06/2020,2,419.1875,448.25,459.25,481.25
Player 45,8/06/2020,0,414.4375,495,460,526.5
Player 45,8/06/2020,4,382.4375,417.4375,418,445.75
Player 46,22/11/2019,6,420,445,451,474
Player 46,22/11/2019,10,446,472,478,485
Player 46,22/11/2019,2,435,455,452,481
Player 46,22/11/2019,8,446,472,478,485
Player 46,22/11/2019,4,420,445,451,474
Player 46,22/11/2019,0,435,455,452,481
Player 46,29/05/2020,0,462.25,477.8333,475.5,495.5
Player 46,29/11/2019,2,415,441,424,449
Player 46,29/11/2019,0,415,441,424,449
Player 46,29/11/2019,6,448,480,477,497
Player 46,29/11/2019,8,460,493,470,514
Player 47,11/01/2020,2,415.3125,470.9375,460,482
Player 47,11/01/2020,0,445.8125,477.4375,475.75,495.5
Player 47,11/09/2020,2,426.6667,461.9167,443,483
Player 47,11/09/2020,0,397.8333,416.9167,412.75,435.25
Player 47,14/07/2020,0,381.5833,447.25,395,452.25
Player 47,14/08/2020,4,389,420.9167,407.75,429.75
Player 47,14/08/2020,2,396.25,413.9167,403.75,435.75
Player 47,14/08/2020,0,415.3333,428.75,427.75,453.25
Player 47,16/03/2020,0,522.6875,526.5,551.25,547.5
Player 47,16/06/2020,2,381.3125,422.625,390.75,442.5
Player 47,16/06/2020,0,383.125,438.125,390,459
Player 47,16/09/2020,0,391.5,405.75,415.5,445.5
Player 47,16/09/2020,4,339.125,380,421.75,461
Player 47,17/01/2020,2,374.5625,425.625,403,432
Player 47,17/01/2020,0,400,418,425.5,426
Player 47,18/01/2021,4,405.5,366.625,422.5,401.75
Player 47,19/08/2020,0,310.75,344.8333,332,370
Player 47,19/08/2020,2,301.3333,350.5833,317.75,369
Player 47,2/09/2020,0,313.3125,354.875,382,426.75
Player 47,21/07/2020,0,434.8333,437.1667,451.5,447.75
Player 47,21/07/2020,2,396.4375,397.5625,474.5,501.75
Player 47,22/11/2019,0,507,458,524,472
Player 47,22/11/2019,6,489,489,501,502
Player 47,25/01/2021,0,340.0625,471.125,352,481
Player 47,29/05/2020,0,501.8125,520.4375,516,528
Player 47,29/11/2019,8,386,421,392,437
Player 47,29/11/2019,2,423,417,450,441
Player 47,31/01/2020,0,425.4375,469,441,475.75
Player 47,4/08/2020,0,366.1875,389.375,426.25,472.5
Player 47,8/06/2020,0,427.5,486.3125,464,514.25
Player 5,11/01/2020,0,389,305.0833,420,398.5
Player 5,29/11/2019,8,422,347,469,409
Player 5,29/11/2019,0,414,395,442,432
Player 6,17/01/2020,0,283.7857,321.3571,399.5,410.25
Player 6,24/01/2020,0,328.25,370.25,354,397.25
Player 6,29/11/2019,4,404,404,437,421
Player 6,29/11/2019,10,375,347,424,413
Player 6,29/11/2019,8,375,347,424,413
Player 6,29/11/2019,14,370,355,428,410
Player 6,29/11/2019,12,370,355,428,410
Player 6,29/11/2019,2,409,370,425,374
Player 6,29/11/2019,0,409,370,425,374
Player 6,29/11/2019,6,404,404,437,421
Player 6,7/02/2020,2,311.8571,314.0714,433.75,406.75
Player 6,7/02/2020,0,422.5,413.8333,444.25,452.5
Player 7,11/01/2020,0,360.5,351.9375,427.5,453.5
Player 7,14/07/2020,2,463.9167,468.6667,473.25,473.75
Player 7,14/07/2020,0,460.1875,512.4375,502.25,526.75
Player 7,14/08/2020,0,388,467.5833,428.25,503.25
Player 7,14/08/2020,2,333.0625,390.75,401.5,495.75
Player 7,16/03/2020,0,381.5,403.6875,407.75,423.75
Player 7,16/06/2020,2,435.25,505.9167,454.5,509.5
Player 7,16/06/2020,0,441.5,461.1875,445.75,477.75
Player 7,17/01/2020,0,284.25,299.6071,386,412.5
Player 7,18/02/2020,0,328.8125,380.375,399.25,454.75
Player 7,22/11/2019,0,357,364,362,367
Player 7,26/08/2020,2,399.125,443.4375,422.5,477.25
Player 7,29/05/2020,0,400.625,412,416,417
Player 7,29/07/2020,0,449.9375,450.375,461.25,460.5
Player 7,29/11/2019,2,394,409,418,416
Player 7,29/11/2019,0,394,409,418,416
Player 7,31/01/2020,0,404.25,395,422.25,395.75
Player 7,6/12/2019,0,340,371,412,449
Player 7,6/12/2019,2,340,371,412,449
Player 7,7/02/2020,0,421.25,432,434.75,443.5
Player 7,7/09/2020,2,331.875,387.3125,402.75,463.75
Player 7,7/09/2020,0,408.1667,467.6667,411.25,475.5
Player 7,8/06/2020,0,350.9583,351.7917,437.5,451.25
Player 7,8/07/2020,0,439.75,472.3333,461.75,483
Player 7,8/11/2019,0,301,325,349,375
Player 7,8/11/2019,2,301,325,349,375
Player 8,11/09/2020,0,381.9167,403.4167,401.5,437
Player 8,14/07/2020,2,312.0625,314.625,374,368
Player 8,14/08/2020,0,400.25,398.5833,412,404.75
Player 8,14/08/2020,2,285.8,294.7,411.25,405
Player 8,16/09/2020,2,312.65,304.9,417.5,398.25
Player 8,18/02/2020,0,313.7083,321.9583,399.5,411.75
Player 8,19/08/2020,0,332.85,313.9,461,422.25
Player 8,2/03/2020,0,328.3,378.3,400.25,460.5
Player 8,20/02/2021,0,301.0357,310.5,425.5,433.75
Player 8,20/02/2021,2,310.4643,300.0357,438.25,409.5
Player 8,22/05/2020,2,309.5,304.125,396,384.75
Player 8,22/05/2020,0,304.375,298.7917,406,387.75
Player 8,24/01/2020,0,262.75,289.2143,338.5,359
Player 8,24/02/2021,0,321.6071,302.5714,434,389.5
Player 8,25/01/2021,2,325.9,365.9,391,442.75
Player 8,25/01/2021,0,347.75,388.3125,371.75,424.5
Player 8,26/08/2020,2,307.65,321.15,410.25,416.25
Player 8,26/08/2020,0,347.25,367.875,418.75,434.5
Player 8,29/05/2020,2,312.4583,302.9583,409.75,387.75
Player 8,29/05/2020,0,354.6,317,445.75,391.75
Player 8,29/07/2020,2,321.2,303.1,435.75,416.5
Player 8,29/07/2020,0,347.6875,360.3125,430.25,434.25
Player 8,3/02/2021,0,510.8125,454.375,528.25,475
Player 8,4/08/2020,0,365.4,325.45,454.5,426.5
Player 8,7/09/2020,2,358.85,354,453,444.5
Player 8,7/09/2020,0,321.6,319.65,430,420.5
Player 9,11/01/2020,0,266.125,341.375,290.75,352.25
Player 9,15/12/2020,0,337.625,307.8125,407.5,364
Player 9,22/05/2020,2,235.7083,229.8333,316,327
Player 9,22/05/2020,0,230.1667,224.2917,313,296
Player 9,24/01/2020,2,358.75,433.5,358.75,433.5
Player 9,24/01/2020,4,379.5,457.25,379.5,457.25
Player 9,24/01/2020,0,317.25,324.5,317.25,324.5
Player 9,29/05/2020,0,218.4167,176,262.5,208.75
Player 9,3/02/2021,0,414.625,394.625,451.75,425
Player 9,31/01/2020,0,201.4,217.95,261.75,281
Player 9,4/12/2019,0,334,348,377,376
Player 9,4/12/2019,6,368,371,379,389
Player 9,4/12/2019,4,368,371,379,389
Player 9,4/12/2019,10,328,312,376,331
Player 9,4/12/2019,2,334,348,377,376
Player 9,5/04/2021,0,444.0833,402.6667,498,482.25
Player 9,7/12/2020,0,346.375,305,386.75,323.25
Player 9,7/12/2020,4,316.0625,266.8125,370.25,303
Player 9,8/11/2019,0,318,307,336,347
